pct_targeted,qini_uplift,random_uplift
0.0,0.0,0.0
0.025,5.0,0.3305069409389198
0.05,29.0,0.6610138818778396
0.075,1.0,0.9915208228167595
0.1,8.0,1.3220277637556792
0.125,9.666666666666668,1.652534704694599
0.15,6.5,1.983041645633519
0.17500000000000002,0.25,2.313548586572439
0.2,2.8000000000000007,2.6440555275113584
0.22499999999999998,4.0,2.974562468450278
0.25,4.0,3.305069409389198
0.27499999999999997,26.0,3.6355763503281175
0.3,32.0,3.966083291267038
0.325,38.0,4.296590232205958
0.35000000000000003,29.0,4.627097173144878
0.375,11.333333333333343,4.9576041140837965
0.4,3.200000000000003,5.288111055022717
0.42500000000000004,0.36363636363637397,5.618617995961637
0.44999999999999996,6.5,5.949124936900556
0.475,14.25,6.279631877839476
0.5,22.0,6.610138818778396
0.525,14.15384615384616,6.940645759717317
0.5499999999999999,0.0,7.271152700656235
0.575,-2.1333333333333258,7.601659641595155
0.6,-3.5,7.932166582534076
0.625,-4.235294117647044,8.262673523472996
0.65,-14.764705882352956,8.593180464411915
0.675,-13.0,8.923687405350835
0.7000000000000001,-15.210526315789451,9.254194346289756
0.7250000000000001,-14.950000000000017,9.584701287228675
0.75,-5.5,9.915208228167593
0.775,6.949999999999989,10.245715169106514
0.8,15.61904761904762,10.576222110045434
0.8250000000000001,11.5,10.906729050984353
0.8500000000000001,23.363636363636374,11.237235991923274
0.8750000000000001,26.565217391304344,11.567742932862194
0.8999999999999999,11.69565217391306,11.898249873801111
0.9249999999999999,14.875000000000028,12.228756814740033
0.95,15.719999999999999,12.559263755678952
0.975,15.5,12.889770696617871
1.0,17.22222222222223,13.220277637556793
1.0250000000000001,20.678571428571416,13.550784578495714
1.05,28.379310344827587,13.881291519434633
1.075,18.793103448275843,14.21179846037355
1.0999999999999999,16.73333333333332,14.54230540131247
1.125,22.0,14.87281234225139
1.15,5.2666666666666515,15.20331928319031
1.175,-0.5483870967742064,15.53382622412923
1.2,-8.5,15.864333165068151
1.225,-26.09375,16.19484010600707
1.25,-22.6875,16.525347046945992
1.275,-13.636363636363626,16.85585398788491
1.3,-16.235294117647072,17.18636092882383
1.325,-13.02857142857141,17.51686786976275
1.35,-6.5,17.84737481070167
1.375,-8.59459459459464,18.177881751640587
1.4000000000000001,-3.9473684210526017,18.508388692579512
1.425,-11.5,18.83889563351843
1.4500000000000002,-8.30769230769232,19.16940257445735
1.4749999999999999,-6.692307692307679,19.49990951539627
1.5,-17.076923076923038,19.830416456335186
1.525,-17.400000000000034,20.160923397274107
1.55,-10.536585365853682,20.49143033821303
1.575,-11.0,20.821937279151946
1.6,-3.1395348837208985,21.152444220090867
1.625,1.977272727272691,21.48295116102979
1.6500000000000001,-1.5,21.813458101968706
1.675,-2.7333333333333485,22.143965042907627
1.7000000000000002,-10.266666666666652,22.47447198384655
1.725,-15.800000000000011,22.804978924785466
1.7500000000000002,-13.434782608695627,23.135485865724387
1.775,-11.170212765957444,23.465992806663305
1.7999999999999998,-15.5,23.796499747602223
1.825,-25.02083333333337,24.127006688541144
1.8499999999999999,-39.551020408163254,24.457513629480065
1.875,-37.65306122448982,24.788020570418983
1.9,-30.75510204081627,25.118527511357904
1.925,-43.85714285714283,25.449034452296825
1.95,-31.959183673469397,25.779541393235743
1.975,-38.061224489795904,26.110048334174664
2.0,-45.16326530612247,26.440555275113585
2.025,-35.18000000000001,26.771062216052503
2.0500000000000003,-26.196078431372484,27.101569156991427
2.075,-39.68627450980392,27.432076097930345
2.1,-48.176470588235304,27.762583038869266
2.125,-63.66666666666663,28.093089979808184
2.15,-56.807692307692264,28.4235969207471
2.175,-55.98113207547169,28.75410386168602
2.1999999999999997,-61.245283018867894,29.08461080262494
2.225,-51.35185185185185,29.415117743563865
2.25,-61.33333333333326,29.74562468450278
2.275,-58.72727272727275,30.0761316254417
2.3,-61.636363636363626,30.40663856638062
2.325,-55.75,30.737145507319546
2.35,-56.5,31.06765244825846
2.375,-71.25,31.39815938919738
2.4,-86.0,31.728666330136303
2.4250000000000003,-86.17543859649118,32.059173271075224
2.45,-96.9298245614035,32.38968021201414
2.475,-94.27586206896547,32.72018715295306
2.5,-84.76271186440681,33.050694093891984
2.5250000000000004,-74.88333333333333,33.38120103483091
2.55,-69.36065573770486,33.71170797576982
2.5749999999999997,-71.95161290322574,34.04221491670874
2.6,-67.95238095238096,34.37272185764766
2.625,-68.0,34.70322879858658
2.65,-63.04761904761904,35.0337357395255
2.675,-53.609375,35.364242680464415
2.7,-63.4375,35.69474962140334
2.725,-55.430769230769215,36.02525656234226
2.75,-62.076923076923094,36.355763503281175
2.775,-58.227272727272634,36.6862704442201
2.8000000000000003,-53.14925373134338,37.016777385159024
2.825,-54.59701492537317,37.34728432609794
2.85,-44.04477611940297,37.67779126703686
2.875,-42.35294117647061,38.00829820797578
2.9000000000000004,-51.76470588235293,38.3388051489147
2.9250000000000003,-59.17647058823525,38.66931208985362
2.9499999999999997,-56.04347826086962,38.99981903079254
2.9749999999999996,-49.5,39.33032597173145
3.0,-40.380281690140805,39.66083291267037
3.025,-39.40845070422529,39.9913398536093
3.05,-45.436619718309885,40.321846794548215
3.075,-57.46478873239437,40.65235373548714
3.1,-54.55555555555554,40.98286067642606
3.125,-63.52777777777783,41.313367617364975
3.15,-61.36986301369859,41.64387455830389
3.175,-54.972972972973025,41.97438149924282
3.2,-44.78378378378375,42.304888440181735
3.225,-35.559999999999945,42.63539538112065
3.25,-29.199999999999932,42.96590232205958
3.2750000000000004,-2.840000000000032,43.296409262998495
3.3000000000000003,-15.480000000000018,43.62691620393741
3.325,-12.0,43.95742314487634
3.35,-7.129870129870142,44.287930085815255
3.375,-12.623376623376657,44.61843702675417
3.4000000000000004,-6.307692307692378,44.9489439676931
3.4250000000000003,-1.6202531645569707,45.279450908632015
3.45,7.300000000000068,45.60995784957093
3.4750000000000005,-4.850000000000023,45.94046479050986
3.5000000000000004,-0.37037037037043774,46.270971731448775
3.5249999999999995,6.158536585365937,46.601478672387685
3.55,12.530120481927725,46.93198561332661
3.5749999999999997,13.130952380952408,47.26249255426553
3.5999999999999996,17.188235294117703,47.592999495204445
3.6249999999999996,11.41176470588232,47.92350643614337
3.65,18.63529411764705,48.25401337708229
3.675,13.85882352941178,48.584520318021205
3.6999999999999997,15.860465116279101,48.91502725896013
3.7249999999999996,37.11627906976753,49.24553419989905
3.75,23.896551724137908,49.576041140837965
3.775,24.94252873563221,49.90654808177689
3.8,30.0,50.23705502271581
3.8249999999999997,29.191011235955102,50.567561963654725
3.85,33.37777777777774,50.89806890459365
3.875,41.69230769230762,51.22857584553257
3.9,47.73913043478262,51.559082786471485
3.925,46.774193548387075,51.88958972741041
3.95,53.16129032258061,52.22009666834933
3.975,53.585106382978665,52.550603609288245
4.0,42.978723404255334,52.88111055022717
4.025,54.37234042553189,53.21161749116609
4.05,49.15789473684208,53.542124432105005
4.075,43.47368421052636,53.87263137304393
4.1000000000000005,37.78947368421052,54.203138313982855
4.125,43.1052631578948,54.53364525492177
4.15,47.97916666666674,54.86415219586069
4.175,48.422680412371164,55.1946591367996
4.2,56.81443298969077,55.52516607773853
4.2250000000000005,55.206185567010266,55.85567301867745
4.25,43.59793814432987,56.18617995961637
4.275,52.24489795918362,56.51668690055529
4.3,44.75510204081638,56.8471938414942
4.324999999999999,50.353535353535335,57.177700782433114
4.35,44.939393939393995,57.50820772337204
4.375,39.52525252525254,57.83871466431096
4.3999999999999995,33.111111111111086,58.16922160524988
4.425,26.696969696969745,58.4997285461888
4.45,23.899999999999977,58.83023548712773
4.475,20.449999999999932,59.16074242806664
4.5,32.0,59.49124936900556
4.5249999999999995,24.549999999999955,59.82175630994447
4.55,22.100000000000023,60.1522632508834
4.575,24.65000000000009,60.48277019182232
4.6,23.200000000000045,60.81327713276124
4.625,21.75,61.14378407370016
4.65,22.300000000000068,61.47429101463909
4.675,20.850000000000023,61.804797955578
4.7,19.399999999999977,62.13530489651692
4.725,22.405940594059416,62.46581183745583
4.75,25.352941176470495,62.79631877839476
4.775,13.970588235294144,63.12682571933368
4.8,5.588235294117567,63.457332660272606
4.825,10.291262135922352,63.78783960121152
4.8500000000000005,16.63461538461536,64.11834654215045
4.875,9.375,64.44885348308937
4.9,13.115384615384755,64.77936042402828
4.925,5.855769230769283,65.10986736496719
4.95,9.628571428571377,65.44037430590612
4.9750000000000005,-1.5904761904762381,65.77088124684504
5.0,-12.809523809523853,66.10138818778397
5.025,-19.028571428571468,66.43189512872289
5.050000000000001,-30.247619047619082,66.76240206966182
5.075,-26.38679245283015,67.09290901060072
5.1,-20.78504672897202,67.42341595153964
5.125,-25.90654205607484,67.75392289247856
5.1499999999999995,-32.148148148148266,68.08442983341747
5.175,-31.98165137614683,68.41493677435639
5.2,-24.690909090909145,68.74544371529532
5.225,-15.765765765765764,69.07595065623424
5.25,-28.875,69.40645759717316
5.2749999999999995,-35.02678571428578,69.73696453811206
5.3,-26.13274336283189,70.067471479051
5.325,-36.19469026548677,70.39797841998991
5.35,-40.256637168141424,70.72848536092883
5.375,-51.318584070796305,71.05899230186776
5.4,-55.73684210526312,71.38949924280668
5.425,-54.75652173913045,71.7200061837456
5.45,-60.85217391304354,72.05051312468451
5.475,-51.94782608695641,72.38102006562343
5.5,-60.043478260869506,72.71152700656235
5.525,-46.1391304347826,73.04203394750128
5.55,-52.234782608695696,73.3725408884402
5.575,-57.33043478260879,73.70304782937912
5.6000000000000005,-63.42608695652166,74.03355477031805
5.625,-62.39655172413791,74.36406171125695
5.65,-65.11111111111109,74.69456865219588
5.675,-66.85593220338978,75.02507559313479
5.7,-60.98305084745766,75.35558253407372
5.7250000000000005,-68.11016949152554,75.68608947501264
5.75,-77.23728813559319,76.01659641595155
5.775,-82.36440677966107,76.34710335689047
5.800000000000001,-80.49152542372872,76.6776102978294
5.825,-97.61344537815125,77.00811723876832
5.8500000000000005,-108.89075630252091,77.33862417970724
5.875,-109.58333333333348,77.66913112064614
5.8999999999999995,-102.86666666666679,77.99963806158507
5.925,-104.14999999999986,78.33014500252399
5.949999999999999,-95.17355371900817,78.6606519434629
5.975,-106.38016528925618,78.99115888440183
6.0,-100.37704918032773,79.32166582534074
6.0249999999999995,-106.53278688524597,79.65217276627966
6.05,-100.57723577235788,79.9826797072186
6.075,-96.63709677419365,80.31318664815751
6.1,-88.0,80.64369358909643
6.125,-81.38888888888891,80.97420053003535
6.15,-73.00787401574803,81.30470747097428
6.175,-77.88188976377955,81.63521441191318
6.2,-83.75590551181108,81.96572135285211
6.225,-85.765625,82.29622829379103
6.25,-81.65625,82.62673523472995
6.275,-79.546875,82.95724217566887
6.3,-81.4375,83.28774911660778
6.325,-81.54263565891483,83.61825605754672
6.35,-83.43410852713168,83.94876299848563
6.375,-72.96153846153857,84.27926993942455
6.4,-81.76923076923072,84.60977688036347
6.425,-92.5769230769231,84.94028382130239
6.45,-99.38461538461547,85.2707907622413
6.4750000000000005,-93.70992366412202,85.60129770318024
6.5,-98.47328244274809,85.93180464411915
6.525,-108.47727272727275,86.26231158505807
6.550000000000001,-99.9022556390978,86.59281852599699
6.575,-98.67669172932324,86.9233254669359
6.6000000000000005,-104.71641791044772,87.25383240787482
6.625,-107.53731343283584,87.58433934881376
6.65,-107.35820895522374,87.91484628975267
6.675000000000001,-96.77777777777783,88.24535323069159
6.7,-97.02941176470586,88.57586017163051
6.7250000000000005,-97.77205882352928,88.90636711256943
6.75,-80.51470588235293,89.23687405350834
6.775,-72.94160583941607,89.56738099444728
6.800000000000001,-68.39130434782601,89.8978879353862
6.825,-69.0434782608695,90.22839487632511
6.8500000000000005,-68.41007194244594,90.55890181726403
6.875000000000001,-66.82142857142867,90.88940875820295
6.9,-69.4571428571428,91.21991569914186
6.925000000000001,-77.09285714285716,91.5504226400808
6.950000000000001,-74.53191489361689,91.88092958101971
6.9750000000000005,-67.18309859154942,92.21143652195863
7.000000000000001,-72.74647887323954,92.54194346289755
7.025,-67.3776223776224,92.87245040383647
7.049999999999999,-76.90209790209792,93.20295734477537
7.074999999999999,-84.42657342657344,93.53346428571429
7.1,-84.88888888888891,93.86397122665322
7.124999999999999,-81.48275862068976,94.19447816759214
7.1499999999999995,-71.41095890410952,94.52498510853106
7.175,-81.84246575342468,94.85549204946997
7.199999999999999,-92.9387755102041,95.18599899040889
7.225,-82.92567567567585,95.51650593134781
7.249999999999999,-93.36486486486478,95.84701287228674
7.2749999999999995,-93.89932885906023,96.17751981322566
7.3,-84.01333333333332,96.50802675416458
7.324999999999999,-80.84105960264901,96.8385336951035
7.35,-87.98684210526312,97.16904063604241
7.375,-83.90196078431381,97.49954757698133
7.3999999999999995,-74.33766233766232,97.83005451792026
7.425,-82.64285714285711,98.16056145885918
7.449999999999999,-80.51612903225805,98.4910683997981
7.475,-90.8064516129034,98.82157534073701
7.5,-101.0967741935483,99.15208228167593
7.5249999999999995,-91.53205128205127,99.48258922261486
7.55,-83.93630573248402,99.81309616355378
7.575,-74.60126582278485,100.1436031044927
7.6,-82.70886075949375,100.47411004543162
7.625,-78.01886792452842,100.80461698637053
7.6499999999999995,-83.09433962264143,101.13512392730945
7.675,-73.83749999999986,101.46563086824838
7.7,-65.60869565217376,101.7961378091873
7.725,-75.56521739130426,102.12664475012622
7.75,-85.52173913043475,102.45715169106514
7.775,-83.72222222222217,102.78765863200405
7.8,-81.66666666666674,103.11816557294297
7.825,-66.61111111111109,103.4486725138819
7.85,-61.10429447852766,103.77917945482082
7.875,-56.012269938650206,104.10968639575974
7.9,-59.92024539877298,104.44019333669866
7.925,-61.82822085889575,104.77070027763757
7.95,-52.52439024390242,105.10120721857649
7.9750000000000005,-53.371951219512084,105.43171415951542
8.0,-47.87878787878799,105.76222110045434
8.025,-38.71686746987939,106.09272804139326
8.05,-39.469879518072275,106.42323498233218
8.075000000000001,-40.222891566264934,106.75374192327112
8.1,-33.874251497005844,107.08424886421001
8.125,-36.94642857142867,107.41475580514894
8.15,-24.67857142857133,107.74526274608786
8.175,-33.41071428571422,108.07576968702678
8.200000000000001,-39.30769230769238,108.40627662796571
8.225,-34.84705882352932,108.7367835689046
8.25,-36.58823529411757,109.06729050984355
8.275,-31.216374269005655,109.39779745078246
8.3,-33.923976608187104,109.72830439172138
8.325000000000001,-27.631578947368325,110.0588113326603
8.35,-38.26744186046517,110.3893182735992
8.375,-37.54335260115613,110.71982521453813
8.4,-28.44827586206884,111.05033215547707
8.425,-26.862857142857138,111.38083909641598
8.450000000000001,-40.02272727272725,111.7113460373549
8.475000000000001,-45.806818181818244,112.04185297829383
8.5,-51.59090909090901,112.37235991923274
8.525,-42.52542372881362,112.70286686017165
8.55,-37.247191011236055,113.03337380111059
8.575000000000001,-25.943820224719275,113.3638807420495
8.6,-21.614525139664693,113.6943876829884
8.625,-27.284916201117312,114.02489462392732
8.649999999999999,-24.822222222222308,114.35540156486623
8.674999999999999,-19.635359116022073,114.68590850580516
8.7,-10.85714285714289,115.01641544674408
8.725,-16.42857142857133,115.34692238768301
8.75,-7.6939890710382315,115.67742932862193
8.774999999999999,-24.467391304347984,116.00793626956083
8.799999999999999,-29.086956521739012,116.33844321049976
8.825,-26.708108108108263,116.66895015143868
8.85,-18.9354838709678,116.9994570923776
8.875,-16.63636363636374,117.32996403331653
8.9,-18.829787234042442,117.66047097425546
8.924999999999999,-16.388297872340445,117.99097791519436
8.95,-6.946808510638448,118.32148485613328
8.975,-7.505319148935996,118.6519917970722
9.0,-11.063829787233999,118.98249873801112
9.025,-2.365079365079282,119.31300567895005
9.049999999999999,6.126984126984098,119.64351261988894
9.075,7.5,119.97401956082788
9.1,8.0,120.3045265017668
9.125,10.277486910994867,120.63503344270572
9.15,17.96875,120.96554038364464
9.175,26.48186528497422,121.29604732458358
9.2,33.088082901554344,121.62655426552249
9.225,31.694300518134696,121.9570612064614
9.25,38.40206185567013,122.28756814740032
9.275,46.84615384615381,122.61807508833924
9.3,59.53846153846166,122.94858202927819
9.325,60.23076923076928,123.27908897021709
9.35,60.923076923076906,123.609595911156
9.375,51.61538461538453,123.94010285209492
9.4,46.30769230769215,124.27060979303384
9.425,48.438775510204096,124.60111673397276
9.45,47.14285714285711,124.93162367491166
9.475,44.846938775510125,125.26213061585061
9.5,46.55102040816314,125.59263755678953
9.525,43.25510204081638,125.92314449772844
9.55,42.59390862944156,126.25365143866736
9.575,39.29441624365472,126.58415837960627
9.6,44.27272727272725,126.91466532054521
9.625,35.0,127.24517226148413
9.65,44.72727272727275,127.57567920242305
9.675,43.09547738693482,127.90618614336196
9.700000000000001,36.8140703517588,128.2366930843009
9.725,40.86000000000013,128.5672000252398
9.75,44.600000000000136,128.89770696617873
9.775,25.940298507462558,129.22821390711763
9.8,30.582089552238813,129.55872084805657
9.825000000000001,32.81188118811883,129.8892277889955
9.85,25.465346534653463,130.21973472993437
9.875,16.118811881188094,130.55024167087333
9.9,25.004926108374548,130.88074861181224
9.925,26.235294117647072,131.21125555275117
9.950000000000001,32.16097560975618,131.54176249369007
9.975000000000001,31.89756097560985,131.87226943462903
10.0,33.087378640776706,132.20277637556794
10.025,37.83009708737859,132.53328331650684
10.05,52.572815533980474,132.86379025744577
10.075000000000001,56.315533980582586,133.19429719838467
10.100000000000001,52.753623188405754,133.52480413932363
10.125,58.47826086956525,133.85531108026254
10.15,66.35576923076928,134.18581802120144
10.174999999999999,72.26315789473688,134.51632496214035
10.2,68.0574162679427,134.84683190307928
10.225,74.85167464114829,135.17733884401818
10.25,74.0952380952383,135.5078457849571
10.274999999999999,73.34597156398104,135.83835272589602
10.299999999999999,71.13270142180113,136.16885966683495
10.325,88.91943127962077,136.49936660777388
10.35,97.69811320754707,136.82987354871278
10.375,94.52830188679263,137.16038048965171
10.4,93.35849056603774,137.49088743059065
10.424999999999999,84.18867924528308,137.82139437152955
10.45,88.0188679245282,138.15190131246848
10.475,96.88732394366207,138.48240825340739
10.5,105.6728971962616,138.81291519434632
10.525,112.46046511627901,139.14342213528525
10.549999999999999,103.4093023255814,139.47392907622412
10.575,112.08333333333326,139.80443601716306
10.6,110.18433179723502,140.134942958102
10.625,118.74770642201838,140.46544989904092
10.65,119.67123287671234,140.79595683997982
10.674999999999999,110.69863013698637,141.12646378091873
10.7,101.72602739726017,141.45697072185766
10.725,106.45000000000005,141.7874776627966
10.75,97.5,142.11798460373552
10.775,88.54999999999995,142.44849154467443
10.8,92.32126696832574,142.77899848561336
10.825,100.81081081081084,143.10950542655226
10.85,93.91891891891896,143.4400123674912
10.875,102.37219730941706,143.77051930843012
10.9,110.75,144.10102624936903
10.925,110.9375,144.43153319030796
10.95,119.27999999999997,144.76204013124686
10.975,127.54867256637158,145.0925470721858
11.0,132.81415929203536,145.4230540131247
11.025,134.44933920704852,145.75356095406363
11.05,125.72246696035245,146.08406789500256
11.075,132.06578947368416,146.41457483594147
11.1,127.36842105263167,146.7450817768804
11.125,125.67105263157896,147.0755887178193
11.15,125.38427947598257,147.40609565875823
11.175,127.9304347826087,147.73660259969716
11.200000000000001,123.24347826086955,148.0671095406361
11.225,128.61038961038957,148.397616481575
11.25,132.05172413793093,148.7281234225139
11.275,125.17167381974241,149.05863036345283
11.3,128.4935622317596,149.38913730439177
11.325000000000001,131.81545064377679,149.7196442453307
11.35,139.9743589743589,150.05015118626957
11.375,144.31914893617022,150.3806581272085
11.4,149.5593220338983,150.71116506814744
11.425,154.7552742616033,151.04167200908634
11.450000000000001,152.1814345991561,151.37217895002527
11.475,143.6075949367089,151.70268589096418
11.5,151.6050420168067,152.0331928319031
11.525,144.06722689075627,152.36369977284204
11.55,135.52941176470586,152.69420671378094
11.575000000000001,132.99159663865544,153.02471365471987
11.600000000000001,129.45378151260502,153.3552205956588
11.625,137.52719665271957,153.6857275365977
11.65,132.0251046025105,154.01623447753664
11.675,123.52301255230122,154.34674141847555
11.700000000000001,121.02092050209194,154.67724835941448
11.725,118.51882845188288,155.00775530035338
11.75,126.66666666666652,155.33826224129228
11.774999999999999,129.20000000000005,155.6687691822312
11.799999999999999,139.73333333333335,155.99927612317015
11.825,145.95850622406624,156.32978306410905
11.85,152.1322314049587,156.66029000504798
11.875,137.25102880658437,156.9907969459869
11.899999999999999,142.45901639344265,157.3213038869258
11.924999999999999,142.0040983606557,157.65181082786475
11.95,140.53469387755104,157.98231776880365
11.975,153.07346938775504,158.31282470974259
12.0,146.61224489795927,158.6433316506815
12.025,148.0081300813008,158.97383859162045
12.049999999999999,146.53846153846166,159.30434553255932
12.075,141.29032258064512,159.63485247349826
12.1,149.80645161290317,159.9653594144372
12.125,155.32258064516122,160.2958663553761
12.15,169.83870967741927,160.62637329631502
12.174999999999999,177.9477911646586,160.95688023725393
12.2,182.1840000000002,161.28738717819286
12.225,190.1792828685259,161.6178941191318
12.25,198.1111111111111,161.9484010600707
12.275,200.3359683794465,162.27890800100963
12.3,191.98023715415025,162.60941494194856
12.325,194.19685039370074,162.93992188288746
12.35,192.85039370078744,163.27042882382636
12.375,200.50393700787413,163.6009357647653
12.4,198.1574803149606,163.93144270570423
12.425,206.07843137254918,164.26194964664316
12.45,199.7578125,164.59245658758206
12.475,207.61089494163434,164.92296352852097
12.5,205.30350194552534,165.2534704694599
12.525,213.12790697674427,165.58397741039883
12.55,216.20077220077224,165.91448435133773
12.575,219.93822393822393,166.24499129227667
12.6,243.67567567567562,166.57549823321557
12.625,235.41312741312754,166.9060051741545
12.65,230.93076923076933,167.23651211509343
12.675,238.73563218390814,167.56701905603234
12.7,246.48091603053422,167.89752599697127
12.725,254.1673003802282,168.22803293791017
12.75,245.9545454545455,168.5585398788491
12.775,239.7348484848485,168.889046819788
12.8,242.73584905660368,169.21955376072694
12.825000000000001,237.5283018867924,169.55006070166587
12.85,246.32075471698113,169.88056764260477
12.875,238.11320754716962,170.2110745835437
12.9,237.90566037735834,170.5415815244826
12.925,252.69811320754707,170.87208846542154
12.950000000000001,258.4905660377358,171.20259540636047
12.975,266.29699248120323,171.53310234729938
13.0,248.4606741573034,171.8636092882383
13.025,257.2134831460676,172.1941162291772
13.05,257.9662921348313,172.52462317011614
13.075000000000001,261.0559701492539,172.85513011105505
13.100000000000001,257.8208955223881,173.18563705199398
13.125,251.58582089552237,173.5161439929329
13.15,258.4981412639404,173.8466509338718
13.175,252.28996282527896,174.17715787481075
13.200000000000001,252.4888888888886,174.50766481574965
13.225000000000001,244.28148148148148,174.83817175668858
13.25,245.43542435424342,175.1686786976275
13.275,252.294117647059,175.49918563856642
13.3,244.11764705882342,175.82969257950535
13.325000000000001,236.66666666666697,176.16019952044425
13.350000000000001,235.912408759124,176.49070646138318
13.375,239.8909090909092,176.82121340232212
13.4,247.608695652174,177.15172034326102
13.425,252.445652173913,177.48222728419995
13.450000000000001,244.28260869565202,177.81273422513885
13.475000000000001,248.22021660649807,178.1432411660778
13.5,244.07220216606493,178.4737481070167
13.525,237.92418772563178,178.80425504795562
13.55,232.77617328519864,179.13476198889455
13.575000000000001,240.54316546762584,179.46526892983346
13.600000000000001,248.25448028673827,179.7957758707724
13.625000000000002,248.16487455197148,180.1262828117113
13.65,240.6500000000001,180.45678975265022
13.675,246.44128113879015,180.78729669358916
13.700000000000001,249.3451957295374,181.11780363452806
13.725000000000001,253.24911032028467,181.448310575467
13.750000000000002,253.34042553191466,181.7788175164059
13.775,266.244680851064,182.10932445734483
13.8,270.13780918727934,182.43983139828373
13.825000000000001,268.0565371024736,182.77033833922266
13.850000000000001,275.7394366197186,183.1008452801616
13.875000000000002,281.47368421052624,183.4313522211005
13.900000000000002,277.7272727272725,183.76185916203943
13.925,279.681818181818,184.09236610297833
13.950000000000001,279.7247386759582,184.42287304391726
13.975000000000001,277.8854166666665,184.7533799848562
14.000000000000002,285.43598615916926,185.0838869257951
14.025000000000002,278.41176470588243,185.41439386673403
14.05,282.18620689655154,185.74490080767293
14.075,286.86941580756,186.07540774861184
14.099999999999998,291.8762886597938,186.40591468955074
14.124999999999998,299.34931506849307,186.73642163048967
14.149999999999999,301.3835616438355,187.06692857142858
14.174999999999999,308.4178082191779,187.3974355123675
14.2,300.45205479452034,187.72794245330644
14.224999999999998,307.01365187713327,188.05844939424534
14.249999999999998,313.53061224489784,188.38895633518428
14.274999999999999,305.61224489795904,188.71946327612318
14.299999999999999,297.69387755102025,189.0499702170621
14.325,297.6169491525425,189.38047715800104
14.35,294.7229729729729,189.71098409893995
14.374999999999998,286.7939189189192,190.04149103987888
14.399999999999999,286.7272727272725,190.37199798081778
14.424999999999999,287.5973154362414,190.7025049217567
14.45,283.67114093959754,191.03301186269562
14.475,288.2842809364547,191.36351880363455
14.499999999999998,292.3745819397991,191.69402574457348
14.524999999999999,299.7833333333333,192.02453268551238
14.549999999999999,307.14285714285734,192.35503962645132
14.575,309.8013245033112,192.68554656739022
14.6,312.4422442244222,193.01605350832915
14.625,309.51973684210543,193.34656044926808
14.649999999999999,305.69508196721335,193.677067390207
14.674999999999999,313.8327868852457,194.00757433114592
14.7,321.07843137254895,194.33808127208482
14.725,321.2418300653594,194.66858821302375
14.75,316.40522875816987,194.99909515396266
14.774999999999999,323.65472312703605,195.3296020949016
14.799999999999999,315.84364820846895,195.66010903584052
14.825,313.818181818182,195.99061597677942
14.85,311.8058252427186,196.32112291771836
14.875,303.3709677419356,196.65162985865726
14.899999999999999,303.2379421221867,196.9821367995962
14.924999999999999,301.3826366559483,197.31264374053512
14.95,305.8333333333335,197.64315068147403
14.975,312.99680511182123,197.97365762241296
15.0,305.182108626198,198.30416456335186
15.024999999999999,311.4108280254777,198.6346715042908
15.049999999999999,318.51111111111095,198.96517844522972
15.075,315.74285714285725,199.29568538616863
15.1,321.91139240506345,199.62619232710756
15.125,314.1645569620255,199.95669926804646
15.15,309.4177215189875,200.2872062089854
15.174999999999999,312.84542586750786,200.6177131499243
15.2,305.11041009463725,200.94822009086323
15.225,312.18867924528286,201.27872703180216
15.25,313.7492163009406,201.60923397274107
15.275,306.0438871473352,201.93974091368
15.299999999999999,292.0875000000001,202.2702478546189
15.325,260.0249221183799,202.60075479555783
15.35,256.27329192546586,202.93126173649677
15.375,261.3975155279504,203.26176867743567
15.4,262.521739130435,203.5922756183746
15.425,261.6459627329191,203.9227825593135
15.45,253.77018633540365,204.25328950025244
15.475,255.8944099378882,204.58379644119134
15.5,266.0186335403728,204.91430338213027
15.525,264.1428571428569,205.2448103230692
15.55,256.26708074534145,205.5753172640081
15.575,263.58204334365337,205.90582420494704
15.6,257.7306501547987,206.23633114588594
15.625,262.23765432098753,206.56683808682487
15.65,272.40123456790116,206.8973450277638
15.675,272.24923076923096,207.2278519687027
15.7,264.4123076923079,207.55835890964164
15.725,263.3312883435583,207.88886585058054
15.75,265.96330275229366,208.21937279151948
15.775,265.8079268292681,208.5498797324584
15.8,274.9756097560976,208.8803866733973
15.825,268.1432926829266,209.21089361433624
15.85,271.31097560975604,209.54140055527515
15.875,263.47865853658504,209.87190749621408
15.9,264.255319148936,210.20241443715298
15.925,264.0969696969696,210.5329213780919
15.950000000000001,256.2666666666664,210.86342831903085
15.975,260.76132930513586,211.19393525996975
16.0,258.9456193353476,211.52444220090868
16.025,251.1299093655589,211.85494914184756
16.05,250.31419939577063,212.18545608278652
16.075,249.49848942598192,212.51596302372545
16.1,241.6827794561932,212.84646996466435
16.125,249.05120481927725,213.17697690560328
16.150000000000002,246.97597597597587,213.50748384654224
16.175,251.17717717717733,213.83799078748112
16.2,242.52694610778462,214.16849772842002
16.225,244.23880597014931,214.49900466935895
16.25,244.4179104477612,214.82951161029789
16.275000000000002,249.875,215.16001855123685
16.3,250.626112759644,215.49052549217572
16.325,257.896449704142,215.82103243311462
16.35,254.11834319526633,216.15153937405356
16.375,249.34023668639065,216.4820463149925
16.400000000000002,241.56213017751452,216.81255325593142
16.425,240.4159292035397,217.14306019687032
16.45,247.69411764705865,217.4735671378092
16.475,254.9296187683285,217.80407407874816
16.5,257.47368421052624,218.1345810196871
16.525000000000002,257.7456140350878,218.465087960626
16.55,258.4227405247816,218.79559490156493
16.575,292.69679300291546,219.1261018425038
16.6,287.7906976744184,219.45660878344276
16.625,286.04941860465124,219.78711572438166
16.650000000000002,259.7565217391307,220.1176226653206
16.675,259.592485549133,220.44812960625953
16.7,266.8299711815562,220.7786365471984
16.725,239.89655172413768,221.10914348813736
16.75,245.0114942528735,221.43965042907627
16.775000000000002,249.51862464183387,221.7701573700152
16.8,254.0,222.10066431095413
16.825000000000003,260.29059829059815,222.43117125189306
16.85,256.4529914529917,222.76167819283197
16.875,248.6153846153843,223.09218513377087
16.900000000000002,251.22727272727298,223.4226920747098
16.925,255.66005665722378,223.7531990156487
16.950000000000003,251.83050847457616,224.08370595658766
16.975,272.00282485875687,224.41421289752657
17.0,265.175141242938,224.74471983846547
17.025000000000002,265.34745762711873,225.0752267794044
17.05,260.5830985915495,225.4057337203433
17.075000000000003,261.356741573034,225.73624066128227
17.1,264.87394957983224,226.06674760222117
17.125,261.97765363128474,226.39725454316007
17.150000000000002,263.13966480446925,226.727761484099
17.175,256.5961002785516,227.0582684250379
17.2,255.55555555555566,227.3887753659768
17.224999999999998,259.69444444444434,227.71928230691572
17.25,266.8587257617728,228.04978924785465
17.275,262.0193905817173,228.38029618879355
17.299999999999997,269.18005540166223,228.71080312973245
17.325,263.3407202216067,229.04131007067141
17.349999999999998,256.5013850415512,229.37181701161032
17.375,248.6620498614957,229.70232395254925
17.4,255.89502762430948,230.03283089348815
17.424999999999997,248.07734806629833,230.36333783442706
17.45,245.25966850828718,230.69384477536602
17.474999999999998,236.76033057851237,231.02435171630492
17.5,242.1538461538462,231.35485865724385
17.525,238.32692307692287,231.68536559818276
17.549999999999997,253.5,232.01587253912166
17.575,255.19178082191775,232.3463794800606
17.599999999999998,258.72131147540995,232.67688642099952
17.625,260.9098360655735,233.00739336193845
17.65,246.88010899182564,233.33790030287736
17.675,252.02724795640324,233.66840724381632
17.7,255.17438692098085,233.9989141847552
17.724999999999998,256.32152588555846,234.32942112569413
17.75,257.1141304347825,234.65992806663306
17.775,260.6829268292681,234.99043500757196
17.8,257.8428184281843,235.32094194851092
17.825,265.110810810811,235.6514488894498
17.849999999999998,267.29189189189174,235.98195583038873
17.875,262.4729729729729,236.31246277132763
17.9,269.74393530997304,236.64296971226656
17.925,271.41129032258095,236.97347665320552
17.95,263.6182795698928,237.3039835941444
17.974999999999998,270.8471849865955,237.6344905350833
18.0,275.26203208556126,237.96499747602223
18.025,271.50267379679144,238.29550441696117
18.05,276.8319999999999,238.6260113579001
18.075,266.4441489361702,238.956518298839
18.099999999999998,258.6702127659578,239.28702523977788
18.125,253.89627659574444,239.61753218071684
18.15,252.76127320954902,239.94803912165577
18.175,255.3253968253971,240.2785460625947
18.2,242.22163588390504,240.6090530035336
18.224999999999998,245.41424802110805,240.93955994447248
18.25,252.60686015831152,241.27006688541144
18.275,244.79947229551453,241.60057382635037
18.3,247.4000000000001,241.93108076728927
18.325,251.5999999999999,242.2615877082282
18.35,251.80000000000018,242.59209464916717
18.375,263.0,242.92260159010604
18.4,266.1999999999998,243.25310853104497
18.425,267.8818897637793,243.58361547198388
18.45,272.35078534031436,243.9141224129228
18.475,266.5718015665798,244.24462935386177
18.5,266.7728459530026,244.57513629480064
18.525,268.4453125,244.90564323573957
18.55,267.3272727272729,245.23615017667848
18.575,261.52987012987023,245.5666571176174
18.6,269.7324675324676,245.89716405855637
18.625,276.98445595854946,246.22767099949525
18.65,276.7777777777778,246.55817794043418
18.675,274.0,246.88868488137308
18.7,276.2222222222222,247.219191822312
18.725,278.8067010309278,247.54969876325097
18.75,286.0179948586119,247.88020570418985
18.775,284.2673521850902,248.21071264512872
18.8,284.516709511568,248.54121958606768
18.825,298.7660668380463,248.87172652700662
18.85,307.0154241645246,249.20223346794552
18.875,297.42307692307713,249.53274040888445
18.9,314.646153846154,249.86324734982333
18.925,322.86923076923085,250.19375429076229
18.95,346.0923076923077,250.52426123170122
18.975,339.3153846153846,250.85476817264012
19.0,346.6547314578006,251.18527511357905
19.025,344.8976982097188,251.51578205451793
19.05,352.21938775510216,251.8462889954569
19.075,359.5038167938933,252.17679593639582
19.1,363.9340101522839,252.50730287733472
19.125,369.2784810126582,252.83780981827366
19.15,368.98989898989885,253.16831675921253
19.175,373.36272040302265,253.4988237001515
19.2,372.1356783919596,253.82933064109042
19.225,369.0601503759399,254.15983758202933
19.25,374.3249999999998,254.49034452296826
19.275000000000002,370.33665835411466,254.82085146390722
19.3,369.1293532338309,255.1513584048461
19.325,367.92803970223304,255.481865345785
19.35,362.23325062034746,255.81237228672393
19.375,354.53846153846143,256.14287922766283
19.400000000000002,361.62376237623766,256.4733861686018
19.425,366.83703703703713,256.8038931095407
19.45,373.85714285714266,257.1344000504796
19.475,380.842751842752,257.46490699141856
19.5,387.794117647059,257.79541393235746
19.525000000000002,391.9828850855747,258.1259208732964
19.55,398.87317073170743,258.45642781423527
19.575,405.72992700729947,258.7869347551742
19.6,401.1727493917274,259.11744169611313
19.625,400.7718446601939,259.44794863705204
19.650000000000002,393.2135922330094,259.778455577991
19.675,400.0581113801454,260.1089625189299
19.7,392.51815980629544,260.43946945986875
19.725,393.0072463768115,260.7699764008077
19.75,398.0120481927711,261.10048334174667
19.775000000000002,394.48674698795185,261.43099028268557
19.8,401.28846153846143,261.7614972236245
19.825,445.78125,262.0920041645634
19.85,445.27403846153857,262.42251110550234
19.875,447.54676258992777,262.75301804644124
19.900000000000002,440.76555023923447,263.08352498738014
19.925,442.13603818615775,263.4140319283191
19.950000000000003,455.62052505966585,263.74453886925807
19.975,462.1050119331744,264.0750458101969
20.0,468.0,264.4055527511359
20.025000000000002,478.5,264.7360596920748
20.05,476.0,265.0665666330137
20.075000000000003,477.3610451306413,265.39707357395264
20.1,474.1895734597156,265.72758051489154
20.125,469.2269503546099,266.05808745583045
20.150000000000002,464.7092198581563,266.38859439676935
20.175,461.56367924528286,266.7191013377083
20.200000000000003,454.0377358490564,267.04960827864727
20.225,447.2847058823527,267.3801152195861
20.25,439.741176470588,267.7106221605251
20.275000000000002,439.32863849765226,268.041129101464
20.3,444.78403755868567,268.3716360424029
20.325,440.75644028103034,268.7021429833418
20.349999999999998,443.96261682242994,269.0326499242807
20.375,448.41588785046724,269.3631568652196
20.4,467.86915887850455,269.69366380615855
20.424999999999997,465.65034965034965,270.0241707470974
20.45,467.0511627906976,270.35467768803636
20.474999999999998,462.5023255813953,270.6851846289753
20.5,458.48491879350377,271.0156915699142
20.525,453.92575406032483,271.3461985108531
20.549999999999997,450.36658932714636,271.67670545179203
20.575,449.0625,272.007212392731
20.599999999999998,441.5,272.3377193336699
20.625,440.9375,272.6682262746088
20.65,439.375,272.99873321554776
20.674999999999997,446.2563510392606,273.3292401564866
20.7,444.9354838709678,273.65974709742557
20.724999999999998,454.38709677419365,273.9902540383645
20.75,449.43678160919535,274.32076097930343
20.775,458.8758620689655,274.65126792024233
20.8,460.3149425287356,274.9817748611813
20.825,461.75402298850577,275.3122818021202
20.849999999999998,466.830275229358,275.6427887430591
20.875,462.7757437070941,275.973295683998
20.9,457.8310502283107,276.30380262493696
20.925,457.44191343963575,276.6343095658759
20.95,452.87015945330313,276.96481650681477
20.974999999999998,445.2984054669705,277.2953234477537
21.0,450.3636363636365,277.62583038869263
21.025,457.2199546485258,277.95633732963154
21.05,455.67800453514747,278.2868442705705
21.075,451.1360544217687,278.6173512115094
21.099999999999998,437.98642533936663,278.94785815244825
21.125,449.41176470588243,279.2783650933872
21.15,456.30248306997737,279.6088720343261
21.175,448.7449209932279,279.9393789752651
21.2,425.5945945945946,280.269885916204
21.224999999999998,423.97972972972957,280.6003928571429
21.25,420.364864864865,280.93089979808184
21.275,422.75056179775265,281.26140673902074
21.3,429.6771300448431,281.59191367995965
21.325,425.08520179372226,281.9224206208986
21.349999999999998,424.49327354260095,282.25292756183745
21.375,419.9013452914801,282.5834345027764
21.4,412.30941704035877,282.9139414437153
21.425,404.7174887892379,283.2444483846543
21.45,397.1255605381166,283.5749553255932
21.475,400.53363228699527,283.90546226653214
21.5,396.46085011185687,284.23596920747104
21.525,398.859375,284.56647614840995
21.55,399.4075723830738,284.89698308934885
21.575,394.81291759465466,285.22749003028775
21.6,390.218262806236,285.5579969712267
21.625,386.62360801781733,285.8885039121656
21.65,381.626666666667,286.2190108531045
21.675,370.1951219512198,286.5495177940435
21.7,377.2212389380529,286.8800247349824
21.725,379.62472406180996,287.21053167592135
21.75,378.0132450331125,287.54103861686025
21.775,370.40176600441464,287.87154555779915
21.8,363.5991189427309,288.20205249873806
21.825,356.8263736263739,288.53255943967696
21.85,352.8333333333335,288.8630663806159
21.875,359.8336980306349,289.1935733215548
21.9,366.8034934497814,289.5240802624937
21.925,366.457516339869,289.8545872034327
21.95,358.83660130718954,290.1850941443716
21.975,344.8282608695654,290.5156010853105
22.0,345.1739130434785,290.8461080262494
22.025,333.92624728850296,291.1766149671883
22.05,339.24511930585686,291.50712190812726
22.075,331.56399132321076,291.83762884906616
22.1,333.88286334056374,292.1681357900051
22.125,336.20173535791764,292.498642730944
22.15,331.3203463203463,292.82914967188293
22.175,337.62770562770584,293.1596566128219
22.2,360.93506493506493,293.4901635537608
22.225,358.2424242424245,293.8206704946997
22.25,350.54978354978357,294.1511774356386
22.275,342.85714285714266,294.4816843765775
22.3,339.1645021645022,294.81219131751647
22.325,336.09287257019423,295.14269825845537
22.35,335.81465517241395,295.47320519939433
22.375,342.9354838709678,295.80371214033323
22.400000000000002,345.41201716738215,296.1342190812722
22.425,337.7339055793991,296.46472602221104
22.45,334.6680942184157,296.79523296315
22.475,327.01068376068406,297.1257399040889
22.5,334.08955223880594,297.4562468450278
22.525000000000002,326.40298507462694,297.78675378596677
22.55,329.79148936170213,298.11726072690567
22.575,331.33121019108285,298.4477676678446
22.6,323.6560509554138,298.77827460878353
22.625,330.6970338983051,299.10878154972244
22.650000000000002,324.03813559322043,299.4392884906614
22.675,331.0655391120508,299.76979543160024
22.7,327.42283298097254,300.10030237253915
22.725,326.17721518987355,300.4308093134781
22.75,322.5316455696202,300.761316254417
22.775000000000002,329.5494736842106,301.09182319535597
22.8,332.9200000000001,301.4223301362949
22.825,339.92436974789916,301.7528370772337
22.85,345.98322851153034,302.0833440181727
22.875,352.9309623430963,302.41385095911164
22.900000000000002,345.3472803347281,302.74435790005055
22.925,348.6242171189979,303.07486484098945
22.95,367.04801670146117,303.40537178192835
22.975,365.4718162839249,303.7358787228673
23.0,361.8956158663882,304.0663856638062
23.025000000000002,368.8562500000003,304.3968926047451
23.05,364.2958333333336,304.7273995456841
23.075000000000003,357.7354166666664,305.05790648662304
23.1,359.1725571725574,305.3884134275619
23.125,353.6153846153843,305.71892036850085
23.150000000000002,353.0582120582121,306.04942730943975
23.175,351.5010395010395,306.37993425037865
23.200000000000003,352.94386694386685,306.7104411913176
23.225,378.3866943866942,307.0409481322565
23.25,385.4107883817428,307.3714550731954
23.275000000000002,388.695652173913,307.7019620141343
23.3,386.4132231404956,308.0324689550733
23.325000000000003,393.3773195876288,308.36297589601224
23.35,393.85360824742247,308.6934828369511
23.375,392.48971193415673,309.02398977789005
23.400000000000002,399.42915811088324,309.35449671882895
23.425,400.8196721311474,309.68500365976786
23.45,407.71370143149306,310.01551060070676
23.474999999999998,412.74693877551044,310.34601754164567
23.5,411.2653061224487,310.67652448258457
23.525,408.957230142566,311.00703142352353
23.549999999999997,408.4704684317717,311.3375383644624
23.575,396.0833333333335,311.66804530540134
23.599999999999998,388.56910569105685,311.9985522463403
23.625,395.4584178498985,312.3290591872792
23.65,387.9594320486817,312.6595661282181
23.674999999999997,391.1680161943318,312.990073069157
23.7,394.67611336032405,313.32058001009597
23.724999999999998,400.18421052631584,313.65108695103487
23.75,403.6923076923076,313.9815938919738
23.775,396.2004048582994,314.31210083291273
23.799999999999997,402.70850202429165,314.6426077738516
23.825,406.86464646464674,314.97311471479054
23.849999999999998,396.22983870967755,315.3036216557295
23.875,404.7237903225805,315.6341285966684
23.9,411.6559356136818,315.9646355376073
23.925,418.56024096385545,316.29514247854627
23.95,411.08433734939763,316.62564941948517
23.974999999999998,415.6084337349398,316.9561563604241
24.0,416.132530120482,317.286663301363
24.025,416.65662650602417,317.61717024230194
24.05,407.81963927855713,317.9476771832409
24.075,392.5359999999996,318.27818412417975
24.099999999999998,393.94810379241517,318.60869106511865
24.125,398.12151394422335,318.9391980060576
24.15,402.27833001988074,319.2697049469965
24.175,409.17460317460336,319.6002118879355
24.2,416.0435643564356,319.9307188288744
24.224999999999998,414.6501976284585,320.2612257698132
24.25,407.169960474308,320.5917327107522
24.275,407.689723320158,320.9222396516911
24.3,400.209486166008,321.25274659263005
24.325,397.7292490118575,321.58325353356895
24.349999999999998,390.2490118577075,321.91376047450785
24.375,389.7687747035575,322.2442674154468
24.4,396.6883629191325,322.5747743563857
24.425,400.8110236220473,322.9052812973246
24.45,399.3889980353638,323.2357882382636
24.474999999999998,395.92927308447906,323.5662951792024
24.5,393.46954813359525,323.8968021201414
24.525,396.6647058823528,324.2273090610803
24.55,389.21176470588216,324.55781600201925
24.575,388.75882352941153,324.88832294295815
24.6,390.3058823529409,325.2188298838971
24.625,383.8529411764707,325.549336824836
24.65,390.7808219178082,325.8798437657749
24.675,394.3424657534247,326.2103507067138
24.7,390.9041095890411,326.54085764765273
24.725,391.4657534246576,326.8713645885917
24.75,398.02739726027403,327.2018715295306
24.775,404.986328125,327.5323784704695
24.8,408.5625,327.86288541140846
24.825,405.138671875,328.19339235234736
24.85,400.71484375,328.5238992932863
24.875,405.291015625,328.8544062342252
24.9,412.280701754386,329.1849131751641
24.925,411.72568093385235,329.51542011610303
24.95,406.4834951456314,329.84592705704193
24.975,408.06213592233007,330.1764339979809
25.0,407.51937984496135,330.5069409389198
25.025,414.4680851063831,330.8374478798587
25.05,417.0599613152808,331.16795482079766
25.074999999999996,418.65183752417806,331.4984617617365
25.1,420.91119691119684,331.82896870267547
25.124999999999996,427.8439306358382,332.15947564361437
25.15,423.4547206165703,332.48998258455333
25.174999999999997,430.375,332.8204895254922
25.2,446.0,333.15099646643114
25.224999999999998,444.47792706333985,333.48150340737004
25.25,437.0998080614204,333.812010348309
25.275,430.72168905950093,334.1425172892479
25.3,423.3435700575819,334.47302423018687
25.324999999999996,419.965451055662,334.8035311711257
25.35,420.587332053743,335.1340381120647
25.374999999999996,402.05555555555566,335.4645450530036
25.4,399.61950286806905,335.79505199394254
25.424999999999997,400.1988527724661,336.1255589348814
25.45,412.7782026768641,336.45606587582034
25.474999999999998,410.3575525812621,336.78657281675925
25.5,411.7022900763359,337.1170797576982
25.525,410.20761904761866,337.4475866986371
25.55,410.60456273764294,337.778093639576
25.575,405.18441064638773,338.1086005805149
25.6,401.764258555133,338.4391075214539
25.624999999999996,407.3441064638787,338.7696144623928
25.650000000000002,416.9239543726235,339.10012140333174
25.674999999999997,427.50380228136873,339.4306283442706
25.7,420.2979127134722,339.76113528520955
25.724999999999998,411.221590909091,340.09164222614845
25.75,403.76893939393904,340.4221491670874
25.775,396.316287878788,340.75265610802626
25.8,396.86363636363603,341.0831630489652
25.825,394.43667296786407,341.4136699899041
25.85,401.52830188679263,341.7441769308431
25.874999999999996,408.593220338983,342.074683871782
25.900000000000002,405.2105263157896,342.40519081272095
25.924999999999997,399.77443609022566,342.7356977536598
25.95,392.33834586466173,343.06620469459875
25.974999999999998,373.7654784240149,343.39671163553766
26.0,394.29268292682946,343.7272185764766
26.025,389.8198874296436,344.05772551741546
26.05,388.34709193245817,344.3882324583544
26.075,392.6104868913858,344.7187393992933
26.1,394.9551401869162,345.0492463402323
26.125,401.4953271028039,345.3797532811712
26.150000000000002,402.8843283582087,345.7102602221101
26.174999999999997,409.96648044692756,346.040767163049
26.200000000000003,402.5232774674114,346.37127410398796
26.224999999999998,397.0800744878957,346.70178104492686
26.25,404.1635687732346,347.0322879858658
26.275,401.7342007434945,347.36279492680467
26.3,408.8051948051948,347.6933018677436
26.325,407.3896103896104,348.02380880868253
26.35,399.97402597402606,348.3543157496215
26.375,402.55844155844125,348.68482269056034
26.400000000000002,401.14285714285734,349.0153296314993
26.424999999999997,396.727272727273,349.3458365724382
26.450000000000003,400.00370370370365,349.67634351337716
26.474999999999998,399.4380776340108,350.00685045431607
26.5,397.0277264325323,350.337357395255
26.525,389.61737523105376,350.6678643361939
26.55,388.09225092250927,350.99837127713283
26.575,395.1915285451196,351.32887821807174
26.6,387.7918968692452,351.6593851590107
26.625,380.39226519337035,351.98989209994954
26.650000000000002,370.22058823529414,352.3203990408885
26.674999999999997,368.80147058823513,352.6509059818274
26.700000000000003,374.0018348623853,352.98141292276637
26.724999999999998,368.64652014651983,353.31191986370527
26.75,376.2271062271061,353.64242680464423
26.775,373.8076923076924,353.9729337455831
26.8,380.92870201096866,354.30344068652204
26.825,379.4014598540143,354.63394762746094
26.85,380.74863387978166,354.9644545683999
26.875,373.3424408014571,355.29496150933875
26.900000000000002,371.93624772313296,355.6254684502777
26.924999999999997,373.53005464480884,355.9559753912166
26.950000000000003,375.1238615664847,356.2864823321556
26.974999999999998,380.3236363636365,356.6169892730945
27.0,385.50453720508176,356.9474962140334
27.025,377.25,357.2780031549723
27.05,384.3309222423145,357.60851009591124
27.075,376.9421338155512,357.93901703685015
27.1,369.55334538878833,358.2695239777891
27.125,368.164556962025,358.60003091872795
27.150000000000002,369.7757685352626,358.9305378596669
27.175,357.6425992779782,359.2610448006058
27.200000000000003,360.23104693140795,359.5915517415448
27.224999999999998,354.8194945848377,359.9220586824836
27.250000000000004,363.4079422382674,360.2525656234226
27.275,362.8396396396397,360.5830725643615
27.3,361.4270270270272,360.91357950530045
27.325,368.5863309352517,361.24408644623935
27.35,361.18705035971243,361.5745933871783
27.375,361.7877697841727,361.90510032811716
27.400000000000002,369.3884892086335,362.2356072690561
27.425,367.98920863309377,362.566114209995
27.450000000000003,360.5899280575536,362.896621150934
27.474999999999998,365.19064748201436,363.2271280918728
27.500000000000004,376.79136690647465,363.5576350328118
27.525,360.5780969479356,363.8881419737507
27.55,327.84946236559153,364.21864891468965
27.575,342.36021505376357,364.54915585562856
27.6,345.8709677419356,364.87966279656746
27.625,330.7209302325582,365.21016973750636
27.650000000000002,346.2039355992847,365.5406766784453
27.675,345.6869409660112,365.8711836193842
27.700000000000003,353.04285714285743,366.2016905603232
27.725,355.53928571428605,366.53219750126203
27.750000000000004,352.1176470588234,366.862704442201
27.775,351.6387900355867,367.1932113831399
27.800000000000004,353.12811387900365,367.52371832407886
27.825,355.58081705150926,367.8542252650177
27.85,360.07460035523945,368.18473220595666
27.875,344.93794326241095,368.51523914689557
27.900000000000002,352.2849557522122,368.8457460878345
27.925,359.6060070671374,369.17625302877343
27.950000000000003,366.90123456790116,369.5067599697124
27.975,368.40740740740785,369.83726691065124
28.000000000000004,375.69014084507035,370.1677738515902
28.025,374.2095070422538,370.4982807925291
28.050000000000004,381.7288732394363,370.82878773346806
28.075,383.24823943661977,371.1592946744069
28.1,390.5448154657297,371.48980161534587
28.125,391.9736842105258,371.8203085562848
28.15,399.2294220665499,372.1508154972237
28.175,392.7775831873905,372.48132243816264
28.199999999999996,400.0209790209792,372.8118293791015
28.225,407.2390924956371,373.14233632004044
28.249999999999996,403.81326352530505,373.47284326097935
28.275,411.019163763066,373.8033502019183
28.299999999999997,418.1999999999998,374.13385714285715
28.325,410.8000000000002,374.4643640837961
28.349999999999998,406.34375,374.794871024735
28.375,413.50779896013864,375.125377965674
28.4,415.1126516464474,375.4558849066129
28.425,415.7175043327552,375.78639184755184
28.449999999999996,419.9757785467127,376.1168987884907
28.475,427.1208981001728,376.44740572942965
28.499999999999996,430.379310344827,376.77791267036855
28.525,436.01034482758587,377.1084196113075
28.549999999999997,408.3648881239242,377.43892655224636
28.575,415.51546391752527,377.7694334931853
28.599999999999998,421.1099656357392,378.0999404341242
28.625,419.5728987993134,378.4304473750632
28.65,415.16466552315615,378.7609543160021
28.675,410.7380136986303,379.091461256941
28.7,412.10085470085505,379.4219681978799
28.725,419.22354948805514,379.75247513881885
28.749999999999996,421.5264054514482,380.08298207975776
28.775000000000002,414.1294718909712,380.4134890206967
28.799999999999997,421.224489795919,380.74399596163556
28.825,437.84013605442215,381.0745029025745
28.849999999999998,444.9235993208831,381.4050098435134
28.875,451.9830508474579,381.7355167844524
28.9,453.28257191201374,382.06602372539123
28.925,452.6689189189192,382.3965306663302
28.95,459.67959527824587,382.7270376072691
28.975,466.66666666666697,383.05754454820806
28.999999999999996,468.8823529411766,383.38805148914696
29.025000000000002,449.28691275167785,383.7185584300859
29.049999999999997,456.2562814070352,384.04906537102477
29.075,454.6989966555184,384.3795723119637
29.099999999999998,438.9983305509186,384.71007925290263
29.125,440.3000000000002,385.0405861938416
29.15,433.9200000000001,385.37109313478044
29.175,440.8702163061562,385.7016000757194
29.2,443.0963455149504,386.0321070166583
29.225,435.7325581395353,386.36261395759726
29.25,437.95522388059635,386.69312089853616
29.275000000000002,432.5953565505806,387.02362783947507
29.299999999999997,425.235489220564,387.354134780414
29.325000000000003,422.87562189054734,387.68464172135293
29.349999999999998,418.4966887417213,388.01514866229184
29.375,404.7107438016528,388.3456556032308
29.4,403.31900826446235,388.67616254416964
29.425,408.39933993399336,389.0066694851086
29.45,415.34431630971994,389.3371764260475
29.475,422.2664473684208,389.66768336698647
29.5,417.90789473684254,389.9981903079253
29.525000000000002,429.54934210526335,390.3286972488643
29.549999999999997,436.4729064039411,390.6592041898032
29.575000000000003,434.1264367816093,390.98971113074214
29.599999999999998,435.3934426229507,391.32021807168104
29.625,430.08019639934537,391.65072501262
29.65,433.2254901960787,391.98123195355885
29.675,430.7422512234907,392.3117388944978
29.7,430.38988580750447,392.6422458354367
29.725,437.27524429967434,392.97275277637567
29.75,436.65853658536616,393.3032597173145
29.775000000000002,425.7759740259744,393.6337666582535
29.799999999999997,418.4155844155848,393.9642735991924
29.825000000000003,415.05519480519524,394.29478054013134
29.849999999999998,407.69480519480476,394.62528748107025
29.875,400.3344155844152,394.9557944220092
29.9,407.2414910858997,395.28630136294805
29.925,402.8930307941655,395.616808303887
29.95,404.54457050243127,395.9473152448259
29.975,396.41100323624596,396.2778221857649
30.0,401.4442649434568,396.6083291267037
30.025000000000002,398.96451612903184,396.9388360676427
30.049999999999997,401.1706924315622,397.2693430085816
30.075000000000003,393.8164251207727,397.59984994952055
30.099999999999998,392.4621578099841,397.93035689045945
30.125,390.9196141479106,398.26086383139835
30.15,397.8041733547352,398.59137077233726
30.175,400.9294871794873,398.9218777132762
30.2,393.5897435897432,399.2523846542151
30.225,392.03840000000037,399.5828915951541
30.25,387.6932907348246,399.9133985360929
30.275000000000002,394.53907496012744,400.2439054770319
30.3,386.4840764331211,400.5744124179708
30.325000000000003,388.1321656050959,400.90491935890975
30.349999999999998,389.7802547770698,401.2354262998486
30.375000000000004,382.4283439490446,401.56593324078756
30.4,389.289348171701,401.89644018172646
30.425,384.9491255961848,402.2269471226654
30.45,379.60890302066764,402.5574540636043
30.475,365.9031746031742,402.8879610045433
30.5,362.50871632329654,403.21846794548213
30.525000000000002,369.3765822784808,403.5489748864211
30.55,362.2654028436018,403.87948182736
30.575000000000003,360.75078864353327,404.20998876829896
30.599999999999998,358.37854889589926,404.5404957092378
30.625000000000004,360.00630914826525,404.87100265017676
30.65,365.63406940063123,405.20150959111567
30.675,388.2618296529972,405.5320165320546
30.7,380.2047244094483,405.86252347299353
30.725,380.8188976377951,406.19303041393243
30.75,385.43307086614186,406.52353735487134
30.775000000000002,378.0472440944877,406.8540442958103
30.8,380.6614173228345,407.1845512367492
30.825000000000003,380.08490566037744,407.51505817768816
30.85,378.69811320754707,407.845565118627
30.875000000000004,385.6326530612241,408.17607205956597
30.9,378.25745682888555,408.50657900050487
30.925000000000004,375.882260596547,408.83708594144383
30.95,385.5070643642075,409.1675928823827
30.975,387.74451410658276,409.49809982332164
31.0,387.15336463223775,409.82860676426054
31.025000000000002,385.7809076682315,410.1591137051995
31.05,392.7156249999998,410.4896206461384
31.075000000000003,396.8112324492977,410.82012758707737
31.1,393.3925233644859,411.1506345280162
31.125000000000004,390.032710280374,411.4811414689552
31.15,382.67289719626206,411.8116484098941
31.175000000000004,387.3130841121492,412.14215535083304
31.2,386.71073094867825,412.4726622917719
31.225,390.80745341614966,412.80316923271084
31.25,397.70542635658876,413.13367617364975
31.275,392.3627906976744,413.46418311458865
31.3,385.0201550387592,413.7946900555276
31.324999999999996,384.67751937984485,414.12519699646646
31.35,379.35294117647027,414.4557039374054
31.374999999999996,378.0015479876165,414.7862108783443
31.4,381.65015479876183,415.1167178192833
31.424999999999997,385.7527047913445,415.4472247602221
31.45,383.25308641975334,415.7777317011611
31.474999999999998,387.3405238828964,416.1082386421
31.5,390.4769230769234,416.43874558303895
31.525,383.1400000000003,416.76925252397785
31.55,383.4562211981565,417.0997594649168
31.574999999999996,378.11981566820214,417.43026640585566
31.6,383.1288343558281,417.7607733467946
31.624999999999996,389.9969372128635,418.0912802877335
31.65,385.679938744257,418.4217872286725
31.674999999999997,385.0397553516823,418.75229416961133
31.7,394.7217125382267,419.0828011105503
31.724999999999998,400.6442748091604,419.4133080514892
31.75,407.4847560975604,419.74381499242816
31.775,411.5007610350076,420.07432193336706
31.8,414.21004566210013,420.40482887430596
31.825,416.91933028919357,420.73533581524487
31.85,423.744680851064,421.0658427561838
31.874999999999996,406.24582701062263,421.39634969712273
31.900000000000002,434.9377845220033,421.7268566380617
31.924999999999997,437.09545454545514,422.05736357900054
31.95,436.7909090909088,422.3878705199395
31.974999999999998,443.62027231467437,422.7183774608784
32.0,446.3267776096818,423.04888440181736
32.025,450.34138972809615,423.3793913427562
32.05,448.74208144796376,423.7098982836951
32.074999999999996,451.80873493975923,424.04040522463407
32.1,446.5240963855422,424.37091216557303
32.125,453.31578947368416,424.70141910651193
32.15,458.0421052631573,425.0319260474509
32.175,455.7684210526313,425.36243298838974
32.2,462.5615615615616,425.6929399293287
32.225,455.298798798799,426.02344687026766
32.25,450.0360360360364,426.35395381120657
32.275,444.77327327327293,426.6844607521454
32.300000000000004,451.5787106446778,427.0149676930845
32.324999999999996,444.32683658170936,427.3454746340233
32.35,471.0749625187409,427.67598157496224
32.375,477.82308845577245,428.00648851590114
32.4,472.4191616766466,428.33699545684004
32.425,466.1586826347311,428.66750239777895
32.45,472.9850523168907,428.9980093387179
32.475,467.58656716417954,429.32851627965687
32.5,477.32835820895525,429.65902322059577
32.525,486.07014925373096,429.9895301615346
32.550000000000004,500.8119402985076,430.3200371024737
32.574999999999996,513.5537313432833,430.6505440434125
32.6,505.3070044709393,430.98105098435144
32.625,504.03576751117726,431.3115579252903
32.65,504.7645305514152,431.64206486622925
32.675,497.49329359165404,431.97257180716815
32.7,499.2220566318929,432.3030787481071
32.725,496.95081967213173,432.6335856890461
32.75,494.36011904761926,432.964092629985
32.775,501.25705794948044,433.2945995709238
32.800000000000004,503.9925705794949,433.62510651186284
32.824999999999996,504.243323442136,433.95561345280163
32.85,496.9792284866471,434.28612039374065
32.875,490.59259259259215,434.6166273346795
32.9,492.31851851851843,434.9471342756184
32.925,494.47485207100544,435.27764121655736
32.95,489.20414201183485,435.6081481574963
32.975,489.93343195266243,435.9386550984352
33.0,489.24076809453436,436.2691620393742
33.025,486.6533923303832,436.599668980313
33.050000000000004,493.5434462444773,436.930175921252
33.074999999999996,499.2783505154639,437.2606828621908
33.1,492.0132547864505,437.59118980312985
33.125,498.9044117647063,437.9216967440687
33.15,498.19823788546273,438.2522036850076
33.175,479.52492668621653,438.58271062594656
33.2,483.571010248902,438.9132175668855
33.225,486.2928257686681,439.2437245078244
33.25,484.01464128843327,439.5742314487633
33.275,479.73645680819936,439.90473838970223
33.300000000000004,472.4210526315792,440.2352453306412
33.324999999999996,474.5868613138691,440.56575227158
33.35,481.4693877551017,440.89625921251906
33.375,481.1938775510207,441.2267661534579
33.4,483.3435225618632,441.5572730943968
33.425,487.37354651162786,441.88778003533577
33.45,481.97242380261196,442.2182869762747
33.475,495.69811320754707,442.5487939172136
33.5,496.4238026124822,442.87930085815253
33.525,495.73913043478296,443.20980779909144
33.550000000000004,510.463768115942,443.5403147400304
33.575,508.18840579710104,443.87082168096936
33.6,510.913043478261,444.20132862190826
33.625,522.63768115942,444.5318355628471
33.650000000000006,515.36231884058,444.8623425037861
33.675,511.82633863965293,445.19284944472497
33.7,510.54558610709137,445.52335638566393
33.725,517.4580924855491,445.8538633266028
33.75,511.1878612716764,446.18437026754174
33.775,503.91763005780376,446.51487720848064
33.800000000000004,510.8311688311687,446.8453841494196
33.825,514.8760806916425,447.17589109035856
33.85,513.6224783861671,447.5063980312974
33.875,520.5107913669062,447.8369049722363
33.900000000000006,527.3793103448279,448.16741191317533
33.925,514.3428981348634,448.4979188541142
33.95,516.4727793696275,448.82842579505314
33.975,517.2234957020055,449.158932735992
34.0,519.9742120343844,449.48943967693094
34.025,515.4749642346205,449.81994661786985
34.050000000000004,514.7714285714283,450.1504535588088
34.075,521.6248216833092,450.48096049974777
34.1,520.9145299145293,450.8114674406866
34.125,522.0896159317208,451.1419743816255
34.150000000000006,528.903409090909,451.47248132256453
34.175,527.667613636364,451.8029882635034
34.2,533.5319148936169,452.13349520444234
34.225,536.5623229461753,452.4640021453812
34.25,534.8953323903825,452.79450908632015
34.275,544.6704384724189,453.12501602725905
34.300000000000004,543.0056497175137,453.455522968198
34.325,541.7782485875705,453.78602990913697
34.35,542.9294781382232,454.1165368500758
34.375,545.7038081805358,454.4470437910147
34.4,549.4781382228493,454.7775507319536
34.425,550.6295774647888,455.10805767289247
34.449999999999996,548.0253164556962,455.43856461383143
34.475,547.3019662921342,455.7690715547704
34.5,546.5806451612907,456.0995784957093
34.525,551.4663865546217,456.43008543664826
34.55,541.4125874125875,456.7605923775871
34.575,548.1550279329613,457.09109931852606
34.599999999999994,554.878661087866,457.4216062594649
34.625,561.5835654596103,457.7521132004039
34.65,557.3760445682447,458.08262014134283
34.675,557.1685236768799,458.4131270822817
34.699999999999996,551.9610027855151,458.74363402322064
34.725,558.6773296244783,459.0741409641596
34.75,555.47983310153,459.4046479050985
34.775,561.2555555555555,459.73515484603746
34.8,554.0666666666666,460.0656617869763
34.825,530.0097087378635,460.39616872791527
34.849999999999994,531.7850208044383,460.7266756688541
34.875,525.4695290858726,461.05718260979313
34.9,531.2354570637117,461.38768955073203
34.925,527.0013850415517,461.7181964916709
34.949999999999996,527.7673130193907,462.04870343260984
34.975,530.7911479944678,462.3792103735488
35.0,523.5615491009685,462.7097173144877
35.025,526.3319502074692,463.04022425542666
35.05,519.1023513139698,463.3707311963655
35.075,508.06353591160223,463.7012381373045
35.099999999999994,504.81767955801115,464.0317450782433
35.125,506.92413793103424,464.36225201918234
35.15,504.6813793103447,464.6927589601212
35.175,506.7851239669426,465.0232659010601
35.199999999999996,508.8830811554335,465.35377284199905
35.225,508.1689560439563,465.684279782938
35.25,508.3909465020579,466.0147867238769
35.275,515.1424657534244,466.34529366481587
35.3,510.6963064295487,466.6758006057547
35.325,503.4623803009581,467.0063075466937
35.35,491.5683060109286,467.33681448763264
35.375,499.3169398907103,467.66732142857154
35.4,493.06557377049194,467.9978283695104
35.425000000000004,490.8142076502736,468.32833531044946
35.449999999999996,494.56284153005436,468.65884225138825
35.475,501.34924965893515,468.9893491923272
35.5,490.35967302452264,469.3198561332661
35.525,495.2666666666664,469.650363074205
35.55,508.0163265306119,469.9808700151439
35.575,507.76598639455824,470.3113769560829
35.6,515.5156462585037,470.64188389702184
35.625,512.941576086957,470.97239083796075
35.65,515.6875,471.3028977788996
35.675000000000004,522.4789687924022,471.63340471983867
35.699999999999996,529.252032520325,471.96391166077746
35.725,534.1393775372126,472.2944186017164
35.75,539.0135135135133,472.62492554265526
35.775,541.7932432432435,472.9554324835942
35.8,549.5729729729728,473.2859394245331
35.825,556.3157894736842,473.6164463654721
35.85,549.1052631578941,473.94695330641105
35.875,543.8947368421059,474.27746024734995
35.9,544.091644204852,474.6079671882888
35.925000000000004,553.881401617251,474.9384741292278
35.949999999999996,554.0780619111711,475.2689810701666
35.975,556.1424731182797,475.5994880111056
36.0,562.8657718120803,475.92999495204447
36.025,585.668456375839,476.26050189298337
36.05,601.4711409395968,476.59100883392233
36.075,590.4436997319035,476.9215157748613
36.1,587.2305630026813,477.2520227158002
36.125,583.6921017402947,477.58252965673915
36.15,576.4738955823295,477.913036597678
36.175000000000004,575.2556894243644,478.24354353861696
36.199999999999996,568.0374832663992,478.57405047955575
36.225,570.1163101604279,478.9045574204948
36.25,576.869158878505,479.2350643614337
36.275,578.9306666666671,479.5655713023726
36.3,578.1864181091878,479.89607824331154
36.325,570.9826897470039,480.2265851842505
36.35,567.7789613848199,480.5570921251894
36.375,574.5132978723404,480.8875990661283
36.4,575.6281540504651,481.2181060070672
36.425000000000004,594.4355909694559,481.54861294800617
36.449999999999996,592.2430278884467,481.87911988894496
36.475,597.0981432360741,482.20962682988403
36.5,589.9124668435015,482.5401337708229
36.525,582.7267904509281,482.8706407117618
36.55,575.5411140583556,483.20114765270074
36.575,582.279470198675,483.5316545936397
36.6,582.1033112582782,483.86216153457855
36.625,581.3306878306885,484.1926684755175
36.65,574.003963011889,484.5231754164564
36.675000000000004,568.8163804491414,484.85368235739537
36.7,572.7387862796832,485.18418929833433
36.725,573.5567282321899,485.51469623927323
36.75,567.169960474308,485.8452031802121
36.775000000000006,564.978919631094,486.1757101211511
36.8,559.5368421052626,486.50621706208995
36.825,554.1090670170834,486.8367240030289
36.85,549.9027595269381,487.16723094396775
36.875,542.6964520367937,487.4977378849067
36.9,548.5118110236217,487.8282448258456
36.925000000000004,541.3136482939626,488.1587517667846
36.95,546.1847968545217,488.48925870772354
36.975,538.9934469200525,488.8197656486624
37.0,534.8020969855834,489.1502725896013
37.025000000000006,538.7356020942407,489.4807795305403
37.05,531.5497382198955,489.81128647147915
37.075,526.3638743455504,490.1417934124181
37.1,533.1176470588234,490.47230035335696
37.125,533.9411764705883,490.8028072942959
37.15,544.7647058823532,491.1333142352348
37.175000000000004,546.8133159268928,491.4638211761738
37.2,551.6766623207304,491.79432811711274
37.225,544.3229166666661,492.1248350580516
37.25,541.6762028608582,492.4553419989905
37.275000000000006,548.3999999999996,492.7858489399295
37.3,548.5603112840463,493.11635588086835
37.325,546.8523316062174,493.4468628218073
37.35,550.7451487710223,493.77736976274616
37.375,550.5769728331179,494.1078767036851
37.4,553.5322997416024,494.438383644624
37.425000000000004,554.3682170542634,494.768890585563
37.45,548.2041343669252,495.09939752650195
37.475,554.8967741935485,495.4299044674408
37.5,535.4484536082473,495.7604114083797
37.525,528.2667525773195,496.0909183493186
37.55,534.9678249678254,496.42142529025745
37.574999999999996,529.795366795367,496.7519322311964
37.6,526.6229086229087,497.08243917213537
37.625,533.3251928020563,497.41294611307427
37.65,526.1619537275064,497.74345305401323
37.675,519.9987146529566,498.0739599949521
37.7,512.8354755784067,498.40446693589104
37.724999999999994,507.67223650385586,498.7349738768299
37.75,512.5173299101416,499.0654808177689
37.775,510.3607188703463,499.3959877587078
37.8,517.0769230769229,499.72649469964665
37.824999999999996,523.7759282970546,500.0570016405856
37.85,521.0971867007675,500.38750858152457
37.875,514.6858237547895,500.7180155224635
37.9,512.0255102040819,501.04852246340243
37.925,518.8711734693879,501.3790294043413
37.95,516.2140127388539,501.70953634528024
37.974999999999994,519.0560509554143,502.0400432862191
38.0,525.740458015267,502.3705502271581
38.025,531.5916030534354,502.701057168097
38.05,535.4663278271919,503.03156410903586
38.074999999999996,538.3227445997454,503.3620710499748
38.1,544.9949238578674,503.6925779909138
38.125,537.8604060913713,504.0230849318527
38.15,530.7258883248733,504.35359187279164
38.175,542.5913705583753,504.6840988137305
38.2,559.4568527918782,505.01460575466945
38.224999999999994,577.3223350253811,505.3451126956083
38.25,580.2661596958169,505.6756196365473
38.275,574.7607594936708,506.00612657748616
38.3,570.6227848101262,506.33663351842506
38.324999999999996,575.4848101265825,506.667140459364
38.35,576.3468354430379,506.997647400303
38.375,566.1302149178255,507.3281543412419
38.4,571.909090909091,507.65866128218084
38.425,578.6116015132411,507.9891682231197
38.45,577.4766708701136,508.31967516405865
38.475,578.5415617128465,508.6501821049976
38.5,582.4150943396226,508.9806890459365
38.525,577.28679245283,509.31119598687536
38.550000000000004,572.1584905660375,509.64170292781444
38.574999999999996,578.8479899497488,509.9722098687532
38.6,574.7286432160809,510.3027168096922
38.625,575.609296482412,510.6332237506311
38.65,579.4899497487431,510.96373069157
38.675,581.3706030150752,511.2942376325089
38.7,584.2512562814072,511.62474457344786
38.725,583.1319095477393,511.9552515143868
38.75,597.0125628140704,512.2857584553257
38.775,589.8932160804015,512.6162653962646
38.800000000000004,596.6373902133,512.9467723372036
38.824999999999996,589.5269761606023,513.2772792781424
38.85,586.4165621079046,513.6077862190814
38.875,587.3061480552069,513.9382931600203
38.9,590.2606516290725,514.2688001009592
38.925,583.1541353383464,514.5993070418981
38.95,589.9048811013772,514.9298139828371
38.975,596.6387500000001,515.260320923776
39.0,593.8801498127341,515.5908278647149
39.025,591.787765293383,515.9213348056538
39.050000000000004,598.6953807740329,516.2518417465928
39.074999999999996,591.6029962546818,516.5823486875315
39.1,594.5106117353307,516.9128556284705
39.125,599.35536159601,517.2433625694094
39.15,592.7858032378581,517.5738695103483
39.175,602.6911581569111,517.9043764512872
39.2,594.2288557213933,518.2348833922263
39.225,593.123134328358,518.5653903331652
39.25,599.8757763975154,518.8958972741041
39.275,606.6116625310169,519.226404215043
39.300000000000004,599.5235732009924,519.556911155982
39.324999999999996,606.251548946716,519.8874180969208
39.35,610.1188118811888,520.2179250378598
39.375,603.0445544554459,520.5484319787987
39.4,602.970297029703,520.8789389197375
39.425,609.686032138442,521.2094458606765
39.45,602.6205191594563,521.5399528016154
39.475,609.3283950617279,521.8704597425543
39.5,616.0197287299634,522.2009666834933
39.525,609.9716399506779,522.5314736244322
39.550000000000004,616.6551724137935,522.8619805653711
39.574999999999996,609.615763546798,523.1924875063099
39.6,604.5763546798034,523.522994447249
39.625,611.260762607626,523.8535013881879
39.65,617.9287469287474,524.1840083291268
39.675,610.9066339066339,524.5145152700657
39.7,617.5668711656444,524.8450222110047
39.725,610.553374233129,525.1755291519436
39.75,610.5398773006136,525.5060360928825
39.775,610.5526960784318,525.8365430338214
39.800000000000004,608.5392156862745,526.1670499747603
39.825,601.525735294118,526.4975569156993
39.85,594.5122549019607,526.8280638566382
39.875,593.4987745098033,527.1585707975771
39.900000000000006,591.4852941176468,527.4890777385161
39.925,586.4718137254904,527.8195846794549
39.95,591.2643818849447,528.1500916203938
39.975,597.0,528.4805985613327
40.0,603.675213675213,528.8111055022717
40.025,610.3341463414636,529.1416124432105
40.050000000000004,615.0742996345916,529.4721193841496
40.075,605.5510948905112,529.8026263250885
40.1,603.5620437956204,530.1331332660274
40.125,604.501822600243,530.4636402069663
40.150000000000006,609.5139732685293,530.7941471479053
40.175,604.7512135922334,531.1246540888441
40.2,611.3890909090906,531.4551610297831
40.225,613.403636363636,531.785667970722
40.25,640.4181818181814,532.1161749116609
40.275,637.4327272727269,532.4466818525998
40.300000000000004,644.079903147699,532.7771887935387
40.325,642.1029055690078,533.1076957344777
40.35,629.7097944377265,533.4382026754166
40.375,632.7170495767832,533.7687096163555
40.400000000000006,639.3719806763283,534.0992165572945
40.425,642.2086851628465,534.4297234982333
40.45,637.2279855247289,534.7602304391722
40.475,635.3084337349392,535.0907373801111
40.5,637.1913357400726,535.4212443210502
40.525,634.2105896510229,535.7517512619889
40.550000000000004,637.2298435619732,536.082258202928
40.575,621.0492788461534,536.4127651438669
40.6,613.453781512605,536.7432720848058
40.625,613.4640287769789,537.0737790257447
40.65,624.4532374100718,537.4042859666836
40.675,622.566467065868,537.7347929076225
40.699999999999996,620.6842105263158,538.0652998485614
40.725,612.1827956989246,538.3958067895004
40.75,613.1565113500601,538.7263137304392
40.775,608.1302270011947,539.0568206713782
40.8,606.1039426523303,539.3873276123171
40.825,607.0775656324586,539.717834553256
40.849999999999994,613.7342073897498,540.0483414941948
40.875,611.7175208581639,540.3788484351338
40.9,619.7008343265788,540.7093553760727
40.925,626.3583333333336,541.0398623170116
40.949999999999996,619.3500000000004,541.3703692579506
40.975,617.3416666666672,541.7008761988895
41.0,619.3333333333339,542.0313831398284
41.025,622.3249999999998,542.3618900807674
41.05,615.3166666666666,542.6923970217063
41.075,621.0463733650422,543.0229039626453
41.099999999999994,621.0475059382425,543.3534109035841
41.125,614.0463182897865,543.6839178445231
41.15,620.7153024911031,544.014424785462
41.175,615.0,544.3449317264009
41.199999999999996,615.0,544.6754386673398
41.225,621.6442080378256,545.0059456082788
41.25,625.6524822695037,545.3364525492176
41.275,629.4415584415583,545.6669594901566
41.3,634.1698113207549,545.9974664310955
41.325,633.1886792452833,546.3279733720344
41.349999999999994,639.8080094228508,546.6584803129732
41.375,632.8351001177862,546.9889872539122
41.4,630.8621908127207,547.3194941948511
41.425,630.889281507656,547.65000113579
41.449999999999996,632.7647058823532,547.980508076729
41.475,635.5851938895421,548.311015017668
41.5,629.6180963572269,548.6415219586069
41.525,622.6509988249118,548.9720288995458
41.55,622.6839012925966,549.3025358404847
41.575,635.7168037602823,549.6330427814237
41.6,632.8262910798121,549.9635497223626
41.625,631.8464243845247,550.2940566633015
41.65,638.4754098360663,550.6245636042404
41.675000000000004,645.0888888888885,550.9550705451794
41.699999999999996,642.1333333333332,551.2855774861182
41.725,635.1777777777779,551.6160844270571
41.75,629.4299065420564,551.946591367996
41.775,631.467289719626,552.277098308935
41.8,638.0886814469077,552.6076052498739
41.825,644.6946386946393,552.9381121908128
41.85,644.6437718277066,553.2686191317518
41.875,643.645348837209,553.5991260726906
41.9,636.697674418604,553.9296330136295
41.925000000000004,635.75,554.2601399545686
41.949999999999996,630.0069686411152,554.5906468955073
41.975,625.2250580046402,554.9211538364464
42.0,613.8273464658168,555.2516607773853
42.025,635.8528389339517,555.5821677183242
42.05,628.8783314020857,555.9126746592631
42.075,635.4895833333339,556.2431816002021
42.1,638.2982658959536,556.573688541141
42.125,644.8833718244805,556.9041954820799
42.15,645.7854671280274,557.2347024230188
42.175000000000004,643.831603229527,557.5652093639578
42.199999999999996,640.8777393310265,557.8957163048965
42.225,636.9238754325261,558.2262232458355
42.25,642.9700115340247,558.5567301867744
42.275,644.0161476355252,558.8872371277133
42.3,625.9354838709678,559.2177440686522
42.325,599.3624856156503,559.5482510095912
42.35,595.3544303797471,559.8787579505301
42.375,596.346375143843,560.209264891469
42.4,596.3540229885057,560.539771832408
42.425000000000004,587.8266360505168,560.870278773347
42.449999999999996,592.5802752293575,561.2007857142858
42.475,593.5383734249717,561.5312926552248
42.5,599.2196796338676,561.8617995961637
42.525,599.2151029748284,562.1923065371025
42.55,596.384,562.5228134780415
42.575,601.3760000000002,562.8533204189804
42.6,607.3680000000004,563.1838273599193
42.625,593.1803652968038,563.5143343008583
42.65,593.155251141553,563.8448412417972
42.675000000000004,596.0182440136832,564.1753481827361
42.699999999999996,599.8200455580863,564.5058551236749
42.725,604.5574516496017,564.8363620646139
42.75,604.5460750853244,565.1668690055528
42.775,605.5346985210463,565.4973759464917
42.8,612.1636363636362,565.8278828874306
42.825,605.1602272727278,566.1583898283696
42.85,611.7820658342789,566.4888967693086
42.875,615.5555555555557,566.8194037102475
42.9,616.5646258503402,567.1499106511864
42.925000000000004,625.5736961451248,567.4804175921253
42.95,627.4563986409967,567.8109245330643
42.975,632.4677236693087,568.1414314740032
43.0,631.4790486976217,568.4719384149421
43.025000000000006,635.4903737259347,568.8024453558811
43.05,638.3235294117649,569.1329522968199
43.075,674.338235294118,569.4634592377588
43.1,680.9604519774011,569.7939661786977
43.125,683.9830508474579,570.1244731196367
43.15,684.9097065462756,570.4549800605755
43.175000000000004,682.0462232243517,570.7854870015145
43.2,678.2432432432433,571.1159939424534
43.225,684.8425196850394,571.4465008833923
43.25,677.8661417322837,571.7770078243312
43.275000000000006,677.8438202247189,572.1075147652703
43.3,681.5970819304148,572.438021706209
43.325,684.3991031390133,572.7685286471481
43.35,681.4304932735431,573.099035588087
43.375,686.1153415453527,573.4295425290259
43.4,683.152295632699,573.7600494699648
43.425000000000004,689.7181208053689,574.0905564109037
43.45,686.7628635346755,574.4210633518427
43.475,687.6636871508381,574.7515702927816
43.5,694.2142857142862,575.0820772337205
43.525000000000006,694.1638795986619,575.4125841746595
43.55,696.217391304348,575.7430911155983
43.575,690.2709030100332,576.0735980565372
43.6,696.8151447661467,576.4041049974761
43.625,689.8763919821822,576.7346119384151
43.65,694.5294771968856,577.0651188793539
43.675000000000004,690.7022222222222,577.3956258202929
43.7,689.764444444445,577.7261327612318
43.725,696.2941176470586,578.0566397021707
43.75,708.3640399556052,578.3871466431096
43.775,707.433962264151,578.7176535840485
43.8,703.5986696230593,579.0481605249875
43.824999999999996,695.0653377630124,579.3786674659264
43.85,690.3119469026551,579.7091744068654
43.875,686.5082872928178,580.0396813478042
43.9,679.553591160221,580.3701882887432
43.925,679.5110375275935,580.7006952296821
43.95,672.5562913907279,581.031202170621
43.974999999999994,672.6015452538632,581.3617091115598
44.0,665.975744211687,581.6922160524988
44.025,670.6376651982373,582.0227229934377
44.05,668.6806167400882,582.3532299343766
44.074999999999996,674.7235682819382,582.6837368753156
44.1,687.7665198237883,583.0142438162545
44.125,683.8094713656392,583.3447507571934
44.15,681.8833883388343,583.6752576981323
44.175,674.924092409241,584.0057646390712
44.2,681.4857142857145,584.3362715800102
44.224999999999994,680.5340659340663,584.666778520949
44.25,652.2008781558725,584.997285461888
44.275,650.2162458836447,585.327792402827
44.3,650.2316136114159,585.6582993437659
44.324999999999996,650.2171052631584,585.9888062847048
44.35,649.2324561403511,586.3193132256438
44.375,651.106243154436,586.6498201665826
44.4,647.1237677984664,586.9803271075216
44.425,653.7166301969364,587.3108340484605
44.45,651.7417943107221,587.6413409893994
44.474999999999994,647.7669584245077,587.9718479303382
44.5,646.7921225382934,588.3023548712772
44.525,642.0360655737704,588.6328618122161
44.55,659.0557377049181,588.963368753155
44.574999999999996,657.0754098360658,589.293875694094
44.6,660.0950819672125,589.6243826350329
44.625,654.1147540983611,589.9548895759718
44.65,650.2969432314403,590.2853965169107
44.675,652.179934569248,590.6159034578496
44.7,657.8496732026142,590.9464103987887
44.725,656.880304678999,591.2769173397276
44.75,665.9031556039172,591.6074242806665
44.775,663.9880434782608,591.9379312216054
44.800000000000004,670.5884907709014,592.2684381625444
44.824999999999996,666.7830802603039,592.5989451034832
44.85,665.8069414316706,592.9294520444221
44.875,667.8308026030372,593.259958985361
44.9,671.854663774403,593.5904659263
44.925,678.4604550379199,593.9209728672389
44.95,675.49187432286,594.2514798081778
44.975,668.523293607801,594.5819867491168
45.0,661.554712892741,594.9124936900556
45.025,664.3722943722942,595.2430006309945
45.050000000000004,657.4069264069267,595.5735075719335
45.074999999999996,650.4415584415583,595.9040145128723
45.1,660.4761904761908,596.2345214538113
45.125,667.1027027027021,596.5650283947502
45.15,664.2116630669543,596.8955353356891
45.175,657.2505399568036,597.226042276628
45.2,662.9158576051777,597.5565492175671
45.225,669.5183189655172,597.887056158506
45.25,675.1582346609257,598.2175630994449
45.275,674.1548387096773,598.5480700403838
45.300000000000004,667.2129032258063,598.8785769813228
45.324999999999996,657.6842105263158,599.2090839222615
45.35,650.7314715359826,599.5395908632005
45.375,649.7392703862661,599.8700978041394
45.4,647.8027867095389,600.2006047450783
45.425,640.8467309753487,600.5311116860172
45.45,636.8906752411576,600.8616186269562
45.475,638.9346195069666,601.1921255678951
45.5,640.7901498929341,601.522632508834
45.525,633.1657754010694,601.8531394497729
45.550000000000004,626.2032085561505,602.1836463907119
45.574999999999996,631.2406417112297,602.5141533316507
45.6,619.8205128205127,602.8446602725897
45.625,630.8450854700859,603.1751672135287
45.65,630.8696581196582,603.5056741544674
45.675,636.8942307692314,603.8361810954065
45.7,633.9188034188037,604.1666880363454
45.725,633.943376068376,604.4971949772843
45.75,633.9679487179483,604.8277019182233
45.775,626.9925213675215,605.1582088591622
45.800000000000004,623.0170940170938,605.4887158001011
45.824999999999996,628.7310565635007,605.8192227410399
45.85,621.7620064034145,606.1497296819789
45.875,616.7929562433301,606.4802366229178
45.9,615.8239060832448,606.8107435638567
45.925,621.5447761194027,607.1412505047956
45.95,615.5820895522393,607.4717574457346
45.975,614.6194029850749,607.8022643866735
46.0,611.705005324814,608.1327713276124
46.025,618.3819148936172,608.4632782685513
46.050000000000004,619.4234042553189,608.7937852094902
46.075,619.4648936170215,609.1242921504293
46.1,621.5063829787241,609.4547990913682
46.125,613.7810839532413,609.7853060323071
46.150000000000006,608.814027630181,610.1158129732461
46.175,606.8609341825904,610.4463199141849
46.2,628.8917197452229,610.7768268551238
46.225,631.9225053078553,611.1073337960627
46.25,641.9532908704887,611.4378407370017
46.275,639.9840764331211,611.7683476779405
46.300000000000004,637.0148619957536,612.0988546188795
46.325,630.045647558386,612.4293615598184
46.35,634.846235418876,612.7598685007573
46.375,640.8822905620364,613.0903754416962
46.400000000000006,634.9183457051959,613.4208823826352
46.425,636.9544008483563,613.751389323574
46.45,629.9904559915167,614.081896264513
46.475,645.0265111346771,614.4124032054519
46.5,654.0625662778366,614.7429101463908
46.525,647.098621420997,615.0734170873297
46.550000000000004,648.0360169491532,615.4039240282686
46.575,647.0285714285719,615.7344309692077
46.6,647.0645502645502,616.0649379101466
46.625,638.286469344609,616.3954448510855
46.650000000000006,645.0538542766635,616.7259517920245
46.675,638.0876451953536,617.0564587329633
46.7,634.1729957805901,617.3869656739022
46.725,640.9304531085354,617.7174726148411
46.75,633.9673340358268,618.0479795557801
46.775,627.004214963119,618.3784864967189
46.800000000000004,623.0410958904113,618.7089934376579
46.825,627.8631578947361,619.0395003785968
46.85,627.82229232387,619.3700073195357
46.875,623.8643533123031,619.7005142604746
46.9,616.9064143007363,620.0310212014135
46.925,606.1775210084033,620.3615281423524
46.949999999999996,622.207983193277,620.6920350832913
46.975,627.2384453781515,621.0225420242303
47.0,621.3725078698844,621.3530489651691
47.025,622.3207547169814,621.6835559061082
47.05,619.3459119496856,622.0140628470471
47.075,603.7738219895291,622.344569787986
47.099999999999994,567.8493723849369,622.6750767289248
47.125,562.060606060606,623.0055836698638
47.15,558.0240334378268,623.3360906108027
47.175,550.9874608150476,623.6665975517416
47.199999999999996,547.9508881922675,623.9971044926806
47.225,547.9143155694883,624.3276114336195
47.25,556.8777429467082,624.6581183745584
47.275,556.9133611691022,624.9886253154973
47.3,562.8768267223386,625.3191322564362
47.325,569.729927007299,625.6496391973752
47.349999999999994,575.7007299270072,625.980146138314
47.375,557.223958333333,626.310653079253
47.4,554.3527575442249,626.6411600201919
47.425,544.6839916839917,626.9716669611308
47.449999999999996,547.6573208722739,627.3021739020697
47.475,570.5981308411219,627.6326808430088
47.5,570.5389408099691,627.9631877839475
47.525,564.4797507788162,628.2936947248866
47.55,554.8070539419086,628.6242016658255
47.575,547.7375518672197,628.9547086067644
47.599999999999994,540.9937823834198,629.2852155477032
47.625,543.9170984455959,629.6157224886422
47.65,547.840414507772,629.9462294295811
47.675,551.811594202898,630.27673637052
47.699999999999996,548.739130434783,630.607243311459
47.725,546.666666666667,630.9377502523979
47.75,544.7869700103411,631.2682571933368
47.775,548.7561983471078,631.5987641342757
47.8,548.8245614035095,631.9292710752146
47.825,558.7543859649122,632.2597780161536
47.85,552.0103092783502,632.5902849570925
47.875,562.932989690722,632.9207918980314
47.9,557.1688980432546,633.2512988389703
47.925000000000004,555.085478887745,633.5818057799094
47.949999999999996,556.0020597322346,633.9123127208481
47.975,551.918640576725,634.242819661787
48.0,561.8352214212155,634.573326602726
48.025,559.9639917695476,634.903833543665
48.05,555.8786008230445,635.2343404846039
48.075,558.7932098765432,635.5648474255428
48.1,544.2158273381301,635.8953543664818
48.125,555.1151079136689,636.2258613074206
48.15,553.0143884892086,636.5563682483595
48.175000000000004,563.9136690647483,636.8868751892985
48.199999999999996,564.812949640288,637.2173821302373
48.225,570.7946611909647,637.5478890711763
48.25,569.7002053388087,637.8783960121152
48.275,565.6057494866527,638.2089029530541
48.3,568.6430769230765,638.539409893993
48.325,575.5963114754095,638.869916834932
48.35,574.5122950819668,639.200423775871
48.375,574.4282786885242,639.5309307168098
48.4,575.4923234390999,639.8614376577488
48.425000000000004,575.4094165813722,640.1919445986878
48.449999999999996,566.6564417177915,640.5224515396264
48.475,559.564417177914,640.8529584805655
48.5,566.5260469867217,641.1834654215044
48.525,575.4412665985701,641.5139723624433
48.55,575.5244897959183,641.8444793033822
48.575,578.439795918367,642.1749862443212
48.6,585.3551020408158,642.5054931852601
48.625,584.2704081632646,642.836000126199
48.65,591.2395514780837,643.1665070671379
48.675000000000004,585.1620795107028,643.4970140080769
48.699999999999996,569.4989816700618,643.8275209490157
48.725,574.5045778229905,644.1580278899547
48.75,578.4160732451683,644.4885348308936
48.775,582.3275686673451,644.8190417718324
48.8,576.2390640895219,645.1495487127714
48.825,580.2652439024387,645.4800556537103
48.85,580.3482233502536,645.8105625946492
48.875,579.2639593908634,646.1410695355883
48.9,586.2332657200814,646.4715764765272
48.925000000000004,593.188449848024,646.8020834174661
48.949999999999996,598.1659919028343,647.1325903584049
48.975,602.1526794742158,647.4630972993439
49.0,594.3737373737376,647.7936042402828
49.025,589.3050505050505,648.1241111812217
49.05,575.6548940464181,648.4546181221606
49.075,580.5721493440969,648.7851250630996
49.1,580.6532258064517,649.1156320040385
49.125,590.5705645161288,649.4461389449774
49.15,580.8529707955695,649.7766458859163
49.175000000000004,583.8802816901407,650.1071528268552
49.2,575.1668341708546,650.4376597677942
49.225,577.2168674698796,650.7681667087331
49.25,575.1204819277109,651.098673649672
49.275000000000006,576.1915747241719,651.429180590611
49.3,583.1162324649304,651.7596875315498
49.325,590.0270270270266,652.0901944724887
49.35,598.9459459459458,652.4207014134277
49.375,590.25,652.7512083543667
49.4,588.3896103896104,653.0817152953055
49.425000000000004,587.2977022977029,653.4122222362445
49.45,594.2055888223558,653.7427291771834
49.475,588.1207584830336,654.0732361181223
49.5,590.0359281437122,654.4037430590612
49.525000000000006,570.6171485543373,654.7342500000002
49.55,563.5124626121633,655.064756940939
49.575,563.4077766699902,655.395263881878
49.6,561.5577689243028,655.7257708228169
49.625,594.4511952191233,656.0562777637558
49.65,593.3446215139438,656.3867847046947
49.675000000000004,587.586069651742,656.7172916456336
49.7,594.5288270377732,657.0477985865726
49.725,600.4826216484607,657.3783055275115
49.75,601.3833167825223,657.7088124684504
49.775000000000006,608.3065476190477,658.0393194093895
49.8,607.4222001982162,658.3698263503283
49.825,626.3290386521303,658.7003332912672
49.85,632.2653465346539,659.0308402322061
49.875,650.1782178217827,659.3613471731451
49.9,643.0910891089106,659.6918541140839
49.925000000000004,648.0524233432252,660.0223610550229
49.95,640.970326409496,660.3528679959618
49.975,633.8882294757668,660.6833749369007
50.0,640.802371541502,661.0138818778396
50.025,633.727272727273,661.3443888187785
50.05,633.652173913043,661.6748957597174
50.075,630.577075098814,662.0054027006564
50.1,630.501976284585,662.3359096415953
50.125,634.426877470356,662.6664165825341
50.14999999999999,635.4807502467911,662.996923523473
50.175000000000004,654.4067127344524,663.327430464412
50.2,628.9921104536488,663.6579374053509
50.224999999999994,632.0275862068966,663.9884443462898
50.24999999999999,629.9310344827582,664.3189512872287
50.275000000000006,634.9222440944877,664.6494582281678
50.3,641.8603736479845,664.9799651691067
50.324999999999996,635.1011787819252,665.3104721100456
50.349999999999994,630.0098231827105,665.6409790509844
50.375,633.031403336604,665.9714859919235
50.4,633.1176470588234,666.3019929328623
50.425,633.0294117647063,666.6324998738012
50.449999999999996,630.1860920666013,666.9630068147401
50.475,637.0950048971599,667.2935137556791
50.5,638.1604696673194,667.624020696618
50.525,631.4193548387093,667.9545276375569
50.55,635.412109375,668.2850345784958
50.575,641.3193359375,668.6155415194348
50.6,636.2265625,668.9460484603737
50.625,627.5365853658541,669.2765554013125
50.64999999999999,619.8382066276808,669.6070623422514
50.675000000000004,626.7604673807209,669.9375692831904
50.7,619.6582278481019,670.2680762241293
50.724999999999994,620.555988315482,670.5985831650682
50.74999999999999,618.4537487828629,670.9290901060072
50.775000000000006,615.6264591439694,671.2595970469462
50.8,617.6783284742469,671.5901039878851
50.824999999999996,613.5753158406224,671.920610928824
50.849999999999994,617.4723032069969,672.2511178697628
50.875,619.3692905733724,672.5816248107018
50.9,615.5631067961158,672.9121317516407
50.925,618.4563106796113,673.2426386925796
50.949999999999996,614.6537342386036,673.5731456335185
50.975,618.5431619786614,673.9036525744575
51.0,616.43258971872,674.2341595153964
51.025,610.3220174587777,674.5646664563353
51.05,621.2114451988364,674.8951733972742
51.075,621.1008729388941,675.2256803382132
51.1,624.1511627906975,675.556187279152
51.125,624.2565343659244,675.8866942200909
51.15,617.1490803484994,676.2172011610298
51.175000000000004,624.112185686653,676.5477081019689
51.2,617.0116054158607,676.8782150429078
51.225,610.9110251450675,677.2087219838467
51.24999999999999,608.0676328502414,677.5392289247856
51.275000000000006,612.0878378378384,677.8697358657246
51.300000000000004,615.9884169884172,678.2002428066635
51.324999999999996,612.8889961389959,678.5307497476023
51.349999999999994,612.9864995178405,678.8612566885412
51.37500000000001,642.8871745419474,679.1917636294802
51.4,635.1387283236991,679.5222705704191
51.425,634.0317919075142,679.852777511358
51.449999999999996,623.348411934553,680.1832844522969
51.475,626.4028846153851,680.5137913932359
51.5,629.2884615384619,680.8442983341748
51.525,618.6224783861671,681.1748052751137
51.55,617.7658349328221,681.5053122160525
51.575,620.8226270373925,681.8358191569916
51.6,627.7816091954019,682.1663260979304
51.625,628.8708133971295,682.4968330388693
51.65,622.7559808612441,682.8273399798082
51.675000000000004,619.9397705544934,683.1578469207473
51.7,609.3276026743079,683.4883538616862
51.725,609.1996179560647,683.8188608026251
51.74999999999999,612.0716332378224,684.149367743564
51.775000000000006,604.3874045801522,684.479874684503
51.800000000000004,603.2519083969464,684.8103816254419
51.824999999999996,604.3603431839847,685.1408885663807
51.849999999999994,611.3180952380953,685.4713955073196
51.87500000000001,608.1904761904761,685.8019024482586
51.9,607.3396764985728,686.1324093891975
51.925,607.2112274024739,686.4629163301364
51.949999999999996,603.4353612167306,686.7934232710753
51.975,613.3032319391632,687.1239302120143
52.0,613.1711026615967,687.4544371529532
52.025,610.3713200379862,687.7849440938921
52.05,608.5521821631874,688.1154510348309
52.075,610.4155597722956,688.4459579757699
52.1,609.5734597156397,688.7764649167088
52.125,606.7840909090901,689.1069718576477
52.15,618.64393939394,689.4374787985867
52.175000000000004,622.6783349101233,689.7679857395257
52.2,627.542100283822,690.0984926804646
52.225,630.4058656575216,690.4289996214035
52.25,630.5387523629488,690.7595065623424
52.275000000000006,631.4026465028355,691.0900135032814
52.300000000000004,622.7563739376774,691.4205204442202
52.325,624.6118980169977,691.7510273851591
52.349999999999994,631.5811320754719,692.081534326098
52.37500000000001,638.5372290292171,692.412041267037
52.400000000000006,636.4062205466544,692.7425482079759
52.425,631.6610169491532,693.0730551489148
52.449999999999996,631.7930385700847,693.4035620898537
52.47500000000001,636.6575729068682,693.7340690307927
52.5,633.5221072436498,694.0645759717316
52.525,631.3866415804332,694.3950829126704
52.55,630.543233082707,694.7255898536093
52.575,631.6507042253515,695.0560967945484
52.6,635.5154929577466,695.3866037354873
52.625,627.8499061913699,695.7171106764262
52.65,629.707317073171,696.0476176173651
52.675000000000004,624.9728209934392,696.3781245583041
52.7,584.2172284644193,696.708631499243
52.725,592.0308988764045,697.0391384401819
52.75,592.8445692883888,697.3696453811207
52.775000000000006,593.6582397003749,697.7001523220598
52.800000000000004,591.8886810102904,698.0306592629986
52.825,592.7006548175868,698.3611662039375
52.849999999999994,599.7140186915885,698.6916731448764
52.87500000000001,597.5327102803731,699.0221800858154
52.900000000000006,590.3514018691594,699.3526870267543
52.925,582.7152194211021,699.6831939676932
52.949999999999996,593.5266106442577,700.0137009086321
52.97500000000001,593.3380018674143,700.3442078495711
53.0,597.1493930905699,700.67471479051
53.025,589.9607843137255,701.0052217314488
53.05,586.7721755368821,701.3357286723877
53.075,593.8199626865671,701.6662356133268
53.1,586.6380597014922,701.9967425542657
53.125,584.4561567164174,702.3272494952046
53.15,591.2742537313434,702.6577564361435
53.175,592.0923507462685,702.9882633770824
53.2,590.3047530288914,703.3187703180214
53.225,584.5912476722533,703.6492772589603
53.25,581.8325581395356,703.9797841998991
53.27499999999999,580.6409302325583,704.310291140838
53.300000000000004,592.4493023255809,704.640798081777
53.325,592.2576744186044,704.9713050227159
53.349999999999994,595.066046511628,705.3018119636548
53.37499999999999,602.1440520446095,705.6323189045937
53.400000000000006,595.4428969359333,705.9628258455327
53.425,602.5074211502788,706.2933327864716
53.449999999999996,604.322820037105,706.6238397274105
53.474999999999994,597.138218923933,706.9543466683493
53.5,592.953617810761,707.2848536092885
53.525,574.4346617238189,707.6153605502273
53.55,575.6166666666668,707.9458674911662
53.574999999999996,576.7964847363546,708.2763744321051
53.6,582.5966697502317,708.6068813730441
53.625,590.396854764107,708.937388313983
53.65,592.1970397779833,709.2678952549219
53.675,586.9972247918595,709.5984021958608
53.7,605.7974098057348,709.9289091367998
53.725,605.008317929759,710.2594160777387
53.75,604.2206832871652,710.5899230186775
53.77499999999999,604.4188191881913,710.9204299596164
53.800000000000004,601.2177121771219,711.2509369005554
53.825,599.0166051660517,711.5814438414943
53.849999999999994,597.2442396313363,711.9119507824332
53.87499999999999,599.412523020258,712.2424577233721
53.900000000000006,592.2117863720068,712.5729646643111
53.925,593.3937442502292,712.90347160525
53.949999999999996,577.8547794117649,713.233978546189
53.974999999999994,575.1175390266299,713.5644854871277
54.0,576.9008264462809,713.8949924280668
54.025,575.684113865932,714.2254993690057
54.05,576.467401285583,714.5560063099446
54.074999999999996,583.5715596330274,714.8865132508835
54.1,570.9926672777265,715.2170201918225
54.125,557.4542124542131,715.5475271327614
54.15,588.2197802197807,715.8780340737003
54.175,595.3284537968893,716.2085410146392
54.2,594.570383912248,716.5390479555782
54.225,598.3418647166363,716.869554896517
54.25,595.1133455210238,717.2000618374559
54.275,589.44200913242,717.5305687783948
54.300000000000004,596.5437956204378,717.8610757193338
54.325,598.3166058394163,718.1915826602727
54.35,599.0894160583939,718.5220896012116
54.37499999999999,605.2087511394711,718.8525965421505
54.400000000000006,600.987237921604,719.1831034830896
54.425000000000004,600.2222222222217,719.5136104240285
54.449999999999996,607.3130118289355,719.8441173649672
54.474999999999994,608.0973612374883,720.1746243059061
54.50000000000001,607.8817106460419,720.5051312468452
54.525,613.0072727272727,720.8356381877841
54.55,620.0871934604911,721.166145128723
54.574999999999996,621.8828337874666,721.4966520696619
54.6,614.678474114442,721.8271590106009
54.625,615.4741144414165,722.1576659515398
54.65,612.269754768392,722.4881728924787
54.675,618.3784029038115,722.8186798334175
54.7,612.1796733212341,723.1491867743566
54.725,619.2674524025388,723.4796937152954
54.75,620.440217391304,723.8102006562343
54.775,636.249094202899,724.1407075971732
54.800000000000004,640.3719457013576,724.4712145381122
54.825,631.7106690777573,724.8017214790511
54.85,629.9385727190602,725.13222841999
54.87499999999999,627.188628158845,725.462735360929
54.900000000000006,619.9891696750901,725.793242301868
54.925000000000004,623.1280432822359,726.1237492428069
54.949999999999996,620.9314697926056,726.4542561837457
54.974999999999994,611.3135135135135,726.7847631246846
55.00000000000001,617.1081081081084,727.1152700656236
55.025,618.9027027027032,727.4457770065625
55.05,596.5184518451842,727.7762839475014
55.074999999999996,599.6834532374096,728.1067908884403
55.1,596.9613656783467,728.4372978293793
55.125,598.7358490566039,728.7678047703182
55.15,592.0951526032322,729.0983117112571
55.175,594.2807174887894,729.4288186521959
55.2,587.0511210762334,729.7593255931349
55.225,594.1317204301067,730.0898325340738
55.25,589.9086021505382,730.4203394750127
55.275,582.6854838709678,730.7508464159516
55.300000000000004,576.4623655913974,731.0813533568906
55.325,574.7188898836166,731.4118602978295
55.35,581.8014311270126,731.7423672387685
55.375,583.5831842576026,732.0728741797074
55.400000000000006,590.6595174262739,732.4033811206464
55.425000000000004,585.9696428571433,732.7338880615852
55.45,591.7535714285714,733.0643950025241
55.474999999999994,589.5375000000004,733.394901943463
55.50000000000001,589.7493309545043,733.725408884402
55.525000000000006,590.9402852049916,734.0559158253409
55.55,590.1718610863763,734.3864227662798
55.574999999999996,586.956366874444,734.7169297072187
55.60000000000001,594.0177935943066,735.0474366481577
55.625,597.155555555556,735.3779435890966
55.65,591.949333333333,735.7084505300354
55.675,598.995559502664,736.0389574709743
55.7,597.7957371225575,736.3694644119133
55.725,604.835847382431,736.6999713528522
55.75,597.642413487134,737.0304782937911
55.775,590.4489795918371,737.36098523473
55.800000000000004,590.6382978723404,737.691492175669
55.825,589.4450354609935,738.021999116608
55.85,592.570416297609,738.3525060575469
55.875,589.8230088495575,738.6830129984857
55.900000000000006,590.0114942528735,739.0135199394248
55.925000000000004,586.8187444739169,739.3440268803636
55.95,584.6259946949604,739.6745338213025
55.974999999999994,580.9028268551237,740.0050407622414
56.00000000000001,587.9338040600169,740.3355477031804
56.025000000000006,594.9523809523807,740.6660546441193
56.05,591.2299559471367,740.9965615850582
56.074999999999996,589.4630281690143,741.3270685259971
56.10000000000001,596.4617414248023,741.6575754669361
56.125,592.2796833773091,741.988082407875
56.15,595.377855887522,742.3185893488138
56.175,596.1985940246041,742.6490962897527
56.2,612.0193321616871,742.9796032306917
56.225,628.8400702987701,743.3101101716306
56.25,622.1870061457421,743.6406171125695
56.275,618.0017559262506,743.9711240535084
56.3,625.0105263157893,744.3016309944474
56.325,626.8315789473681,744.6321379353864
56.35,631.8834355828221,744.9626448763253
56.375,625.7090271691504,745.2931518172641
56.39999999999999,626.5346187554778,745.623658758203
56.425000000000004,625.7285464098077,745.954165699142
56.45,649.5534150612957,746.2846726400809
56.474999999999994,653.6299212598424,746.6151795810198
56.49999999999999,647.9440559440563,746.9456865219587
56.525000000000006,654.9388646288207,747.2761934628977
56.55,661.9214659685858,747.6067004038366
56.574999999999996,657.7574171029664,747.9372073447755
56.599999999999994,655.969485614647,748.2677142857143
56.625,660.995644599303,748.5982212266534
56.65,667.957354221061,748.9287281675922
56.675,666.1652173913044,749.2592351085311
56.699999999999996,662.0086956521745,749.58974204947
56.725,654.8521739130438,749.920248990409
56.75,657.695652173913,750.250755931348
56.775,656.5391304347831,750.5812628722869
56.8,635.2649869678544,750.9117698132258
56.825,628.0894874022588,751.2422767541648
56.85,625.9139878366641,751.5727836951037
56.875,620.2361111111113,751.9032906360425
56.89999999999999,617.0555555555557,752.2337975769814
56.925000000000004,619.875,752.5643045179204
56.95,612.6944444444443,752.8948114588593
56.974999999999994,605.5138888888887,753.2253183997982
56.99999999999999,612.532523850824,753.5558253407371
57.025000000000006,619.5389948006932,753.8863322816761
57.05,613.3708838821494,754.216839222615
57.074999999999996,617.4415584415583,754.5473461635539
57.099999999999994,624.4325259515572,754.8778531044927
57.125,624.5868625756266,755.2083600454317
57.15,617.4286949006046,755.5388669863706
57.175,624.4075993091537,755.8693739273095
57.199999999999996,622.2556131260799,756.1998808682484
57.225,622.4037963761857,756.5303878091875
57.25,629.3706896551721,756.8608947501264
57.275,636.3255813953483,757.1914016910653
57.3,638.1860465116279,757.5219086320042
57.325,637.348537005163,757.8524155729432
57.35,635.5399828030959,758.182922513882
57.375,642.4793814432987,758.5134294548209
57.4,649.4068669527896,758.8439363957598
57.425000000000004,651.2772532188847,759.1744433366988
57.45,652.3739279588335,759.5049502776377
57.475,656.2452830188677,759.8354572185766
57.49999999999999,652.1166380789027,760.1659641595155
57.525000000000006,656.1285347043695,760.4964711004545
57.550000000000004,663.0462328767117,760.8269780413934
57.574999999999996,667.9272260273974,761.1574849823322
57.599999999999994,679.8082191780823,761.4879919232711
57.62500000000001,672.6892123287671,761.8184988642101
57.65,673.5702054794529,762.149005805149
57.675,677.5799828913605,762.479512746088
57.699999999999996,679.6376068376067,762.8100196870269
57.725,674.5239316239322,763.1405266279659
57.75,673.4102564102568,763.4710335689048
57.775,669.2965811965814,763.8015405098437
57.8,674.2792485055506,764.1320474507825
57.825,678.1699402220329,764.4625543917216
57.85,676.3276450511948,764.7930613326604
57.875,685.216723549488,765.1235682735993
57.9,685.324808184143,765.4540752145382
57.925000000000004,687.3798977853494,765.7845821554772
57.95,692.270868824532,766.1150890964161
57.975,691.1618398637138,766.445596037355
57.99999999999999,684.0528109028965,766.7761029782939
58.025000000000006,690.9863829787237,767.1066099192329
58.050000000000004,688.883404255319,767.4371168601718
58.074999999999996,697.7804255319152,767.7676238011106
58.099999999999994,709.6774468085105,768.0981307420495
58.12500000000001,713.6862244897957,768.4286376829886
58.15,715.5867346938776,768.7591446239275
58.175,714.7068819031438,769.0896515648664
58.199999999999996,761.6066270178417,769.4201585058053
58.225,759.7504244482179,769.7506654467443
58.25,752.6485568760609,770.0811723876832
58.275,749.8167938931301,770.4116793286221
58.3,737.2271186440666,770.7421862695609
58.325,737.3395427603718,771.0726932104999
58.35,731.224386113463,771.4032001514388
58.375,730.361252115059,771.7337070923777
58.4,726.5756551141167,772.0642140333166
58.425000000000004,731.5608108108117,772.3947209742556
58.45,734.5915611814344,772.7252279151945
58.475,732.7563237774029,773.0557348561334
58.5,737.6424957841482,773.3862417970723
58.525000000000006,733.5286677908935,773.7167487380113
58.550000000000004,740.4507160909852,774.0472556789501
58.575,748.3428812131424,774.377762619889
58.599999999999994,731.9057239057238,774.708269560828
58.62500000000001,733.9688814129513,775.038776501767
58.650000000000006,739.8486122792256,775.3692834427059
58.675,733.7283431454998,775.6997903836448
58.699999999999996,724.1142857142859,776.0302973245837
58.72500000000001,721.3224181360201,776.3608042655227
58.75,728.25,776.6913112064616
58.775,735.1659681475267,777.0218181474004
58.8,731.0469404861688,777.3523250883393
58.825,735.0452261306527,777.6828320292783
58.85,731.9296482412065,778.0133389702172
58.875,724.8140703517583,778.3438459111561
58.9,726.6984924623121,778.674352852095
58.925000000000004,726.8108786610883,779.004859793034
58.95,731.6953974895405,779.3353667339729
58.975,732.5799163179909,779.6658736749118
59.0,714.2006688963211,779.9963806158506
59.025000000000006,708.0693979933112,780.3268875567898
59.050000000000004,715.9381270903014,780.6573944977285
59.075,731.8068561872915,780.9879014386674
59.099999999999994,736.6755852842816,781.3184083796064
59.12500000000001,731.5443143812718,781.6489153205454
59.150000000000006,736.4130434782601,781.9794222614843
59.175,729.281772575252,782.3099292024232
59.199999999999996,736.2581453634084,782.6404361433621
59.22500000000001,729.1328320802004,782.9709430843011
59.25,731.2120200333884,783.30145002524
59.275,724.0884808013361,783.6319569661788
59.3,725.1876563803162,783.9624639071177
59.325,722.0650542118437,784.2929708480567
59.35,719.25,784.6234777889956
59.375,712.125,784.9539847299345
59.4,710.0,785.2844916708734
59.425,705.875,785.6149986118123
59.45,712.8576186511236,785.9455055527513
59.475,721.738551207327,786.2760124936902
59.5,714.6194837635303,786.606519434629
59.52499999999999,711.7936772046596,786.9370263755679
59.550000000000004,700.1521197007478,787.267533316507
59.575,697.0207813798825,787.5980402574459
59.599999999999994,695.1893687707634,787.9285471983848
59.62499999999999,688.4647302904559,788.2590541393237
59.650000000000006,681.3261410788382,788.5895610802627
59.675,684.1875518672205,788.9200680212016
59.699999999999996,691.1840796019897,789.2505749621405
59.724999999999994,685.0514096185743,789.5810819030793
59.75,689.1019055509532,789.9115888440184
59.775,696.0836092715235,790.2420957849572
59.8,688.9602649006629,790.5726027258961
59.824999999999996,681.8369205298022,790.903109666835
59.85,676.076923076922,791.233616607774
59.875,674.2438016528922,791.5641235487129
59.9,668.4995871180854,791.8946304896518
59.925,669.3649876135423,792.2251374305907
59.95,663.2303881090011,792.5556443715298
59.975,663.0957886044598,792.8861513124687
60.0,649.5049504950493,793.2166582534074
60.02499999999999,650.3589108910892,793.5471651943463
60.050000000000004,651.212871287129,793.8776721352854
60.075,650.0668316831689,794.2081790762243
60.099999999999994,661.9207920792069,794.5386860171632
60.12499999999999,669.7747524752485,794.8691929581021
60.150000000000006,668.6287128712866,795.1996998990411
60.175,666.4826732673264,795.53020683998
60.199999999999996,668.3366336633662,795.8607137809189
60.224999999999994,666.1905940594061,796.1912207218577
60.25,659.0445544554459,796.5217276627967
60.275,651.8985148514857,796.8522346037356
60.3,643.1467436108815,797.1827415446745
60.324999999999996,645.2734761120264,797.5132484856134
60.35,629.633744855968,797.8437554265524
60.375,638.4691358024702,798.1742623674913
60.4,634.6842105263167,798.5047693084302
60.425,651.5164473684217,798.8352762493691
60.45,656.3486842105267,799.1657831903082
60.475,663.4281018898928,799.496290131247
60.5,668.5221674876848,799.8267970721859
60.525,675.5799835931102,800.1573040131248
60.550000000000004,670.8032786885251,800.4878109540638
60.575,667.6475409836075,800.8183178950027
60.6,666.815724815724,801.1488248359416
60.62499999999999,665.0008183306054,801.4793317768805
60.650000000000006,668.8428805237327,801.8098387178195
60.675000000000004,676.6849427168581,802.1403456587584
60.699999999999996,677.5270049099836,802.4708525996972
60.724999999999994,694.3690671031109,802.8013595406361
60.75000000000001,701.4333605887168,803.1318664815751
60.775,711.2812755519208,803.462373422514
60.8,722.1291905151265,803.7928803634529
60.824999999999996,721.9771054783323,804.1233873043918
60.85,729.0473856209155,804.4538942453308
60.875,729.9011437908484,804.7844011862697
60.9,732.0228571428579,805.1149081272087
60.925,730.8783673469388,805.4454150681474
60.95,737.9412724306694,805.7759220090866
60.975,742.0293398533013,806.1064289500254
61.0,744.8940505297487,806.4369358909643
61.025,745.7587612061943,806.7674428319032
61.050000000000004,743.9153094462545,807.0979497728422
61.075,735.160292921073,807.4284567137811
61.1,739.2504065040648,807.75896365472
61.12499999999999,728.5410235580821,808.0894705956589
61.150000000000006,724.7467532467526,808.4199775365979
61.175000000000004,720.5941558441555,808.7504844775368
61.199999999999996,721.7299270072999,809.0809914184756
61.224999999999994,719.9100486223651,809.4114983594145
61.25000000000001,718.7568881685584,809.7420053003535
61.275,711.6037277147498,810.0725122412924
61.3,720.4505672609412,810.4030191822313
61.324999999999996,733.2974068071308,810.7335261231702
61.35,730.4874493927127,811.0640330641093
61.375,732.3319838056686,811.3945400050482
61.4,732.1765182186246,811.7250469459871
61.425,736.0210526315786,812.0555538869258
61.45,735.8655870445345,812.3860608278649
61.475,738.9878640776697,812.7165677688038
61.5,733.2069523039609,813.0470747097427
61.525,723.4838449111467,813.3775816506816
61.550000000000004,731.318255250404,813.7080885916206
61.575,729.1526655896596,814.0385955325595
61.6,731.9870759289188,814.3691024734984
61.625,729.1824051654567,814.6996094144373
61.650000000000006,731.0145278450364,815.0301163553763
61.675000000000004,738.1072580645159,815.3606232963151
61.7,738.2675261885579,815.691130237254
61.724999999999994,735.463768115942,816.0216371781929
61.75000000000001,736.6130329847147,816.3521441191319
61.775000000000006,729.4497184231695,816.6826510600708
61.8,723.6881028938897,817.0131580010097
61.824999999999996,741.5200964630221,817.3436649419486
61.85000000000001,737.7373493975902,817.6741718828877
61.875,737.9060995184591,818.0046788238266
61.9,740.7351524879614,818.3351857647654
61.925,740.5642054574637,818.6656927057043
61.95,745.6688051323181,818.9961996466433
61.975,752.7379807692305,819.3267065875822
62.0,759.7958366693365,819.6572135285211
62.025,752.6405124099292,819.98772046946
62.050000000000004,751.8079999999991,820.318227410399
62.075,751.652,820.6487343513379
62.1,751.8057553956842,820.9792412922768
62.125,752.6498800959234,821.3097482332156
62.150000000000006,745.4940047961627,821.6402551741547
62.175000000000004,751.3381294964038,821.9707621150935
62.2,757.4153354632599,822.3012690560324
62.224999999999994,760.5235434956103,822.6317759969713
62.25000000000001,748.8421052631584,822.9622829379103
62.275000000000006,749.9824701195212,823.2927898788492
62.3,765.8254980079691,823.6232968197882
62.324999999999996,772.8742038216551,823.953803760727
62.35000000000001,777.943516308671,824.2843107016661
62.375,779.0715421303648,824.614817642605
62.4,780.1977760127083,824.9453245835438
62.425,787.0524225575846,825.2758315244827
62.45,782.9070691024626,825.6063384654217
62.475,818.7617156473389,825.9368454063606
62.5,815.6163621922169,826.2673523472995
62.525,792.1214285714286,826.5978592882384
62.55,799.1720856463126,826.9283662291773
62.575,803.0134813639961,827.2588731701163
62.6,808.0903328050717,827.5893801110552
62.625,810.2090261282665,827.919887051994
62.64999999999999,798.5680379746827,828.2503939929329
62.675000000000004,789.8909090909092,828.5809009338719
62.7,783.7217391304348,828.9114078748108
62.724999999999994,790.7606635071079,829.2419148157497
62.74999999999999,789.5971563981038,829.5724217566886
62.775000000000006,777.975532754539,829.9029286976277
62.8,787.8026835043402,830.2334356385666
62.824999999999996,794.8454258675083,830.5639425795055
62.849999999999994,801.8770685579202,830.8944495204443
62.875,808.7155240346729,831.2249564613834
62.9,807.5539795114273,831.5554634023222
62.925,793.9661417322841,831.8859703432611
62.949999999999996,789.7937007874025,832.2164772842
62.975,782.1077891424065,832.546984225139
63.0,767.566037735849,832.8774911660779
63.025,794.3757861635222,833.2079981070168
63.05,795.1855345911954,833.5385050479557
63.075,794.9952830188668,833.8690119888947
63.1,788.3032207384131,834.1995189298336
63.125,794.1076197957573,834.5300258707724
63.14999999999999,800.196232339089,834.8605328117113
63.175000000000004,807.0054945054944,835.1910397526503
63.2,809.1584313725489,835.5215466935892
63.224999999999994,811.9694117647068,835.8520536345281
63.24999999999999,817.780392156863,836.182560575467
63.275000000000006,824.8510971786836,836.5130675164061
63.3,821.1002349256069,836.843574457345
63.324999999999996,826.9138606108063,837.1740813982839
63.349999999999994,822.1830985915494,837.5045883392227
63.375,821.9929577464791,837.8350952801617
63.4,821.8028169014087,838.1656022211006
63.425,826.6126760563384,838.4961091620395
63.449999999999996,824.422535211268,838.8266161029784
63.475,816.7286942924165,839.1571230439174
63.5,812.0,839.4876299848563
63.525,813.8000000000011,839.8181369257952
63.55,810.0593286494932,840.1486438667341
63.575,810.2589703588146,840.4791508076731
63.6,811.4411535463769,840.8096577486119
63.625,814.5856697819308,841.1401646895508
63.65,812.8186770428019,841.4706716304897
63.675000000000004,812.0349922239511,841.8011785714287
63.7,815.1717171717173,842.1316855123677
63.725,818.3035714285706,842.4621924533066
63.74999999999999,815.1071428571431,842.7926993942455
63.775000000000006,818.2366175329716,843.1232063351845
63.800000000000004,822.3395348837203,843.4537132761234
63.824999999999996,815.1488372093027,843.7842202170622
63.849999999999994,817.2920216886123,844.1147271580011
63.87500000000001,829.1030209140208,844.4452340989401
63.9,813.6346749226013,844.775741039879
63.925,806.4334365325085,845.1062479808179
63.949999999999996,813.4787316318634,845.4367549217568
63.975,814.6476043276671,845.7672618626958
64.0,814.8378378378366,846.0977688036347
64.025,801.3626543209884,846.4282757445737
64.05,821.1574074074069,846.7587826855124
64.075,813.9521604938273,847.0892896264515
64.1,817.7469135802476,847.4197965673902
64.125,802.3053199691585,847.7503035083292
64.14999999999999,771.2573189522336,848.0808104492681
64.17500000000001,762.7082371054657,848.4113173902073
64.2,769.7784615384608,848.7418243311461
64.225,756.3704842428906,849.072331272085
64.25,760.5130568356362,849.4028382130239
64.275,761.7298541826549,849.7333451539629
64.3,761.9723926380357,850.0638520949018
64.325,761.7231595092035,850.3943590358406
64.35,762.937931034483,850.7248659767795
64.375,759.689655172413,851.0553729177185
64.4,769.4413793103449,851.3858798586574
64.425,772.602603369065,851.7163867995963
64.45,776.731446059679,852.0468937405353
64.47500000000001,779.8822629969418,852.3774006814742
64.5,772.6422018348621,852.7079076224131
64.525,772.4021406727825,853.0384145633521
64.55,779.4430863254383,853.3689215042908
64.575,772.2085561497333,853.6994284452298
64.60000000000001,773.9740259740265,854.029935386169
64.625,770.3091603053435,854.3604423271076
64.64999999999999,766.6498855835234,854.6909492680466
64.67500000000001,767.855182926829,855.0214562089857
64.7,766.6158536585372,855.3519631499245
64.725,771.7075399847672,855.6824700908634
64.75,766.4722010662608,856.0129770318023
64.775,771.5601217656022,856.3434839727413
64.8,761.1026615969586,856.6739909136801
64.825,755.5129179331307,857.004497854619
64.85,769.2689969604871,857.3350047955579
64.875,771.0250759878418,857.6655117364969
64.9,778.0599848139718,857.9960186774358
64.925,773.8215641609713,858.3265256183747
64.95,767.5831435079726,858.6570325593137
64.97500000000001,768.344722854974,858.9875395002526
65.0,770.522003034901,859.3180464411915
65.025,774.6398786959817,859.6485533821306
65.05,777.7803030303039,859.9790603230692
65.075,770.549242424242,860.3095672640083
65.10000000000001,769.318181818182,860.6400742049474
65.125,764.6828160484492,860.9705811458861
65.14999999999999,762.968229954613,861.301088086825
65.17500000000001,758.7322239031782,861.6315950277641
65.2,748.2773998488283,861.9621019687029
65.225,758.0332577475438,862.2926089096418
65.25,765.0694864048346,862.6231158505806
65.275,769.8308157099691,862.9536227915197
65.3,762.5921450151054,863.2841297324585
65.325,765.7403773584902,863.6146366733974
65.35,772.7692307692305,863.9451436143363
65.375,771.538461538461,864.2756505552753
65.4,775.3076923076933,864.6061574962142
65.425,773.0769230769238,864.9366644371531
65.45,765.8461538461543,865.2671713780921
65.47500000000001,772.8862094951019,865.597678319031
65.5,765.6608892238128,865.92818525997
65.525,767.8275602409631,866.258692200909
65.55,765.1264108352152,866.5891991418476
65.575,760.9006772009034,866.9197060827867
65.60000000000001,753.6749435665915,867.2502130237257
65.625,753.894736842105,867.5807199646645
65.64999999999999,758.9789631855747,867.9112269056033
65.675,761.1388888888887,868.2417338465423
65.7,753.9189189189183,868.5722407874813
65.725,758.02175543886,868.90274772842
65.75,761.8049512378093,869.233254669359
65.77499999999999,753.2653673163422,869.5637616102979
65.8,749.0419790104952,869.8942685512368
65.825,744.397752808989,870.2247754921758
65.85,743.1707865168537,870.5552824331147
65.875,744.9438202247184,870.8857893740536
65.9,744.7168539325849,871.2162963149926
65.925,737.4898876404495,871.5468032559315
65.95,742.5838323353291,871.8773101968704
65.975,735.3607784431133,872.2078171378092
66.0,739.4764397905765,872.5383240787484
66.025,735.795216741406,872.8688310196871
66.05,733.0926064227042,873.199337960626
66.07499999999999,725.8678117998516,873.5298449015648
66.10000000000001,723.6430171769971,873.860351842504
66.125,726.7835820895525,874.1908587834429
66.14999999999999,725.0536912751668,874.5213657243816
66.175,719.8299776286349,874.8518726653207
66.2,726.8599105812227,875.1823796062597
66.225,731.9344750558448,875.5128865471984
66.25,736.0297619047615,875.8433934881374
66.27499999999999,744.8184523809523,876.1739004290763
66.3,741.6071428571431,876.5044073700152
66.325,751.3958333333321,876.8349143109542
66.35,763.1845238095248,877.1654212518931
66.375,776.9732142857138,877.495928192832
66.4,770.7619047619046,877.826435133771
66.425,771.9434944237928,878.15694207471
66.45,778.733085501859,878.4874490156488
66.475,789.5226765799252,878.8179559565876
66.5,786.7994056463594,879.1484628975267
66.525,787.5869242199115,879.4789698384656
66.55,791.6993318485529,879.8094767794045
66.57499999999999,796.7811572700302,880.1399837203433
66.60000000000001,783.3343217197926,880.4704906612824
66.625,782.5703703703693,880.8009976022213
66.64999999999999,780.8341968911918,881.13150454316
66.675,782.0184911242595,881.4620114840991
66.7,793.8017751479292,881.7925184250381
66.725,790.121951219513,882.1230253659768
66.75,808.9024390243903,882.4535323069158
66.77499999999999,816.6829268292677,882.7840392478547
66.8,817.8700147710479,883.1145461887936
66.825,819.6514032496307,883.4450531297326
66.85,812.4327917282117,883.7755600706715
66.875,813.6199261992624,884.1060670116104
66.9,820.4022140221405,884.4365739525495
66.925,808.9240412979343,884.7670808934884
66.95,817.6976401179945,885.0975878344271
66.975,814.0213706705963,885.428094775366
67.0,844.7921886514378,885.7586017163051
67.025,845.9896907216498,886.089108657244
67.05,839.7614138438876,886.4196155981829
67.07499999999999,833.5331369661271,886.7501225391217
67.10000000000001,838.6306107431938,887.0806294800608
67.125,845.4061810154526,887.4111364209997
67.15,843.6750000000011,887.7416433619387
67.175,851.4492647058833,888.0721503028774
67.2,844.2235294117654,888.4026572438165
67.225,849.9977941176476,888.7331641847552
67.25,865.7720588235297,889.0636711256942
67.27499999999999,872.8332108743562,889.3941780666331
67.30000000000001,872.0719530102779,889.7246850075722
67.325,886.8509544787066,890.055191948511
67.35,880.6299559471354,890.3856988894499
67.375,884.408957415566,890.7162058303888
67.4,879.1879588839947,891.0467127713279
67.425,886.2553191489369,891.3772197122668
67.45,889.400293255132,891.7077266532056
67.475,890.5860805860812,892.0382335941445
67.5,890.7935578330889,892.3687405350835
67.525,885.5812591508056,892.6992474760224
67.55,892.6247256766637,893.0297544169613
67.575,885.4177029992697,893.3602613579003
67.60000000000001,882.2106803218721,893.6907682988392
67.625,889.2543859649122,894.0212752397781
67.65,882.0526315789466,894.3517821807171
67.675,883.8508771929828,894.6822891216558
67.7,885.0262965668371,895.0127960625948
67.72500000000001,878.8254200146093,895.343303003534
67.75,871.6245434623816,895.6738099444726
67.77499999999999,875.7364963503642,896.0043168854115
67.80000000000001,878.8643326039382,896.3348238263507
67.825,871.6688548504753,896.6653307672894
67.85,864.4733770970088,896.9958377082284
67.875,862.2778993435459,897.3263446491673
67.9,865.4081632653069,897.6568515901063
67.925,866.2150145772594,897.9873585310451
67.95,864.445010924981,898.317865471984
67.975,861.6986899563326,898.6483724129229
68.0,856.5021834061135,898.9788793538619
68.025,861.5890909090904,899.3093862948008
68.05,868.625,899.6398932357397
68.075,870.7632534495278,899.9704001766787
68.10000000000001,877.7822931785195,900.3009071176176
68.125,878.6015965166916,900.6314140585565
68.15,869.9869470630892,900.9619209994955
68.175,856.5043478260868,901.2924279404342
68.2,844.9920347574225,901.6229348813732
68.22500000000001,854.7863866763219,901.9534418223124
68.25,850.1099855282191,902.283948763251
68.27499999999999,848.3644251626902,902.6144557041899
68.30000000000001,854.1540130151843,902.9449626451291
68.325,877.9436008676785,903.2754695860679
68.35,876.1979768786114,903.6059765270068
68.375,884.9862716763,903.9364834679455
68.4,905.7745664739887,904.2669904088847
68.425,900.1241877256325,904.5974973498235
68.45,896.4329004329011,904.9280042907624
68.475,895.6712328767135,905.2585112317013
68.5,892.9625360230548,905.5890181726403
68.525,885.7413544668598,905.9195251135792
68.55,882.0604751619867,906.2500320545181
68.575,889.0920863309348,906.5805389954571
68.60000000000001,881.8733812949649,906.911045936396
68.625,881.6546762589915,907.2415528773349
68.65,891.4359712230216,907.5720598182739
68.675,904.2172661870518,907.9025667592126
68.7,931.9985611510783,908.2330737001516
68.72500000000001,942.7798561151085,908.5635806410907
68.75,942.9935298346518,908.8940875820294
68.77499999999999,974.7749820273184,909.2245945229682
68.8,975.9655172413786,909.5551014639072
68.825,973.747844827587,909.8856084048463
68.85,969.5301724137935,910.2161153457849
68.875,974.3125,910.546622286724
68.89999999999999,981.3747307968424,910.8771292276629
68.925,970.8271162123383,911.2076361686018
68.95,968.6068866571022,911.5381431095408
68.975,961.3866571018643,911.8686500504797
69.0,972.1664275466283,912.1991569914186
69.025,970.423655913979,912.5296639323576
69.05,971.2021505376342,912.8601708732965
69.075,959.6683381088824,913.1906778142354
69.1,958.9148174659986,913.5211847551742
69.125,963.6843235504657,913.8516916961133
69.15,967.4538296349328,914.1821986370521
69.175,960.2233357193982,914.512705577991
69.19999999999999,956.9928418038653,914.8432125189298
69.22500000000001,960.7623478883324,915.173719459869
69.25,964.5318539727978,915.5042264008079
69.27499999999999,965.3013600572649,915.8347333417465
69.3,964.5450643776821,916.1652402826857
69.325,958.3140200286125,916.4957472236247
69.35,961.489635453896,916.8262541645634
69.375,958.2609006433158,917.1567611055024
69.39999999999999,960.0321658327375,917.4872680464413
69.425,970.8034310221592,917.8177749873802
69.45,961.1857142857134,918.1482819283192
69.475,968.3026409707345,918.4787888692581
69.5,981.0720913633122,918.809295810197
69.525,988.1840228245364,919.139802751136
69.55,992.3371347113334,919.4703096920749
69.575,995.5021367521367,919.8008166330138
69.6,992.2820512820526,920.1313235739526
69.625,999.373665480427,920.4618305148916
69.65,1002.1587188612102,920.7923374558305
69.675,1003.9437722419934,921.1228443967694
69.69999999999999,1009.7288256227766,921.4533513377082
69.72500000000001,1008.513879003558,921.7838582786474
69.75,1007.2989323843412,922.1143652195863
69.77499999999999,1007.5106685633,922.4448721605249
69.8,1013.29587482219,922.7753791014641
69.825,1024.08108108108,923.1058860424031
69.85,1009.5060412224593,923.4363929833418
69.875,1007.2807391613351,923.7668999242808
69.89999999999999,994.6875,924.0974068652197
69.925,988.0227111426539,924.4279138061586
69.95,982.7835344215746,924.7584207470976
69.975,985.9744680851054,925.0889276880365
70.0,999.7375886524824,925.4194346289754
70.025,989.1346562721465,925.7499415699144
70.05,982.4844192634555,926.0804485108533
70.075,978.7947629157825,926.4109554517921
70.1,967.246110325319,926.741462392731
70.125,950.802120141343,927.07196933367
70.15,942.2344632768363,927.402476274609
70.175,938.9562146892658,927.7329832155478
70.19999999999999,956.6779661016953,928.0634901564866
70.22500000000001,963.8278052222995,928.3939970974258
70.25,969.0042313117065,928.7245040383647
70.275,970.2494714587738,929.0550109793037
70.3,981.9809725158557,929.3855179202424
70.325,973.4154929577471,929.7160248611815
70.35,974.1408450704221,930.0465318021202
70.375,974.8661971830988,930.3770387430592
70.39999999999999,982.0077410274462,930.7075456839981
70.42500000000001,975.7382125263885,931.0380526249372
70.45,982.4686840253344,931.368559565876
70.475,982.73347398031,931.6990665068149
70.5,982.0161630358398,932.0295734477538
70.525,981.7463106113846,932.3600803886928
70.55,987.4764581869294,932.6905873296317
70.575,989.2066057624725,933.0210942705705
70.6,984.9367533380191,933.3516012115094
70.625,992.089185393259,933.6821081524484
70.65,993.8244382022476,934.0126150933874
70.675,995.5596910112363,934.3431220343263
70.7,995.820350877193,934.6736289752653
70.72500000000001,997.0645161290322,935.0041359162042
70.75,999.2901191310448,935.3346428571431
70.775,994.028030833917,935.6651497980821
70.8,986.765942536791,935.9956567390208
70.825,992.9271708683482,936.3261636799598
70.85000000000001,1001.6694677871146,936.6566706208989
70.875,994.4117647058811,936.9871775618376
70.89999999999999,987.1540616246493,937.3176845027765
70.92500000000001,983.8963585434176,937.6481914437156
70.95,971.3324002799163,937.9786983846544
70.975,978.4923076923078,938.3092053255933
71.0,978.2307692307695,938.6397122665322
71.025,979.9692307692312,938.9702192074712
71.05,984.7076923076929,939.30072614841
71.075,987.925925925927,939.6312330893489
71.1,992.1256983240219,939.9617400302878
71.125,987.8694134078214,940.2922469712269
71.15,992.066294487091,940.6227539121658
71.175,999.213389121338,940.9532608531047
71.2,994.5344947735193,941.2837677940437
71.22500000000001,993.282926829268,941.6142747349826
71.25,990.5766016713096,941.9447816759215
71.275,997.3231197771584,942.2752886168605
71.3,1004.4655532359084,942.6057955577992
71.325,1011.5980528511827,942.9363024987382
71.35000000000001,1013.3546592489565,943.2668094396773
71.375,999.817929117442,943.597316380616
71.39999999999999,1007.5649756775547,943.9278233215549
71.42500000000001,1002.8937500000011,944.258330262494
71.45,1003.1457321304661,944.5888372034328
71.475,1001.8896599583622,944.9193441443717
71.5,1009.0249653259361,945.2498510853105
71.525,1016.1503811503808,945.5803580262497
71.55,1023.26592797784,945.9108649671884
71.575,1024.0249307479226,946.2413719081273
71.6,1028.7839335180051,946.5718788490663
71.625,1032.9515570934254,946.9023857900053
71.65,1043.7134948096882,947.2328927309442
71.675,1045.475432525951,947.5633996718831
71.7,1044.7261410788378,947.8939066128221
71.72500000000001,1040.4875518672197,948.224413553761
71.75,1039.2489626556016,948.5549204946999
71.775,1043.4201796821017,948.8854274356389
71.8,1048.184519695922,949.2159343765776
71.825,1049.4005524861877,949.5464413175166
71.85000000000001,1050.6149068322975,949.8769482584556
71.875,1049.8620689655181,950.2074551993944
71.89999999999999,1035.3611302549962,950.5379621403332
71.925,1035.1164713990347,950.8684690812722
71.95,1027.8718125430732,951.1989760222112
71.975,1024.6271536871118,951.5294829631499
72.0,1029.3824948311503,951.8599899040889
72.02499999999999,1026.6707988980706,952.1904968450278
72.05,1024.9463179628365,952.5210037859667
72.075,1036.6985547143831,952.8515107269058
72.1,1037.4507914659334,953.1820176678447
72.125,1030.20302821748,953.5125246087836
72.15,1036.356258596974,953.8430315497226
72.175,1039.1127922971118,954.1735384906615
72.2,1031.4735395189,954.5040454316004
72.225,1034.2247422680412,954.8345523725392
72.25,1041.3640109890111,955.1650593134783
72.275,1035.698695950583,955.4955662544171
72.3,1034.4509265614288,955.826073195356
72.32499999999999,1023.8683127572003,956.1565801362948
72.35000000000001,1014.2837559972595,956.4870870772339
72.375,1021.4212328767117,956.8175940181728
72.39999999999999,1005.9582477754957,957.1481009591115
72.425,1007.6906228610551,957.4786079000506
72.45,1028.4229979466127,957.8091148409897
72.475,1030.6518467852256,958.1396217819283
72.5,1026.9842788790156,958.4701287228673
72.52499999999999,1029.7156527682837,958.8006356638062
72.55,1029.9795081967204,959.1311426047452
72.575,1025.7110655737706,959.4616495456842
72.6,1034.442622950819,959.7921564866231
72.625,1041.5870307167243,960.122663427562
72.65,1039.3235494880537,960.453170368501
72.675,1024.8383356070935,960.7836773094399
72.7,1026.0892978868433,961.1141842503788
72.725,1023.8166325835027,961.4446911913176
72.75,1034.543967280164,961.7751981322566
72.775,1033.8290190735697,962.1057050731955
72.8,1037.0442477876113,962.4362120141344
72.82499999999999,1031.773315180395,962.7667189550732
72.85000000000001,1022.2163265306117,963.0972258960123
72.875,1022.4887831407195,963.4277328369512
72.89999999999999,1024.2114208021758,963.7582397778899
72.925,1023.9340584636302,964.088746718829
72.95,1010.453804347826,964.4192536597681
72.975,1002.8818737270867,964.7497606007067
73.0,1003.5899524779361,965.0802675416458
73.02499999999999,999.2980312287837,965.4107744825847
73.05,1008.006109979633,965.7412814235236
73.075,1010.7141887304824,966.0717883644626
73.1,1019.4222674813318,966.4022953054015
73.125,1041.1303462321794,966.7328022463404
73.15,1028.6119402985078,967.0633091872794
73.175,1029.3113975576653,967.3938161282183
73.2,1040.0108548168264,967.7243230691571
73.225,1040.3071186440684,968.054830010096
73.25,1022.8712737127371,968.385336951035
73.275,1021.5589430894306,968.7158438919739
73.3,1004.1347325660117,969.0463508329128
73.32499999999999,989.6874154262514,969.3768577738516
73.35000000000001,994.93509127789,969.7073647147907
73.375,996.2432432432433,970.0378716557296
73.4,991.6549628629309,970.3683785966687
73.425,985.1093117408909,970.6988855376073
73.45,981.7719298245629,971.0293924785465
73.475,987.4345479082313,971.3598994194851
73.5,996.0971659919032,971.6904063604242
73.52499999999999,1001.3445718138919,972.0209133013631
73.55000000000001,994.0107889413357,972.3514202423022
73.575,1000.6770060687795,972.681927183241
73.6,1001.9892183288412,973.0124341241799
73.625,1009.1986531986531,973.3429410651188
73.65,1010.5033647375494,973.6734480060578
73.675,1006.8971082716889,974.0039549469967
73.7,1003.567585743107,974.3344618879355
73.725,1002.9092741935492,974.6649688288744
73.75,1008.1390194761589,974.9954757698134
73.775,1003.8126259234377,975.3259827107523
73.8,1004.4862323707184,975.6564896516912
73.825,1000.879194630872,975.9869965926302
73.85000000000001,993.5503355704695,976.3175035335692
73.875,997.8008048289739,976.648010474508
73.9,990.4748490945676,976.9785174154471
73.925,997.668230563002,977.3090243563857
73.95,1004.8519758874754,977.6395312973248
73.97500000000001,997.5358338914939,977.9700382382639
74.0,1002.2196918955124,978.3005451792026
74.02499999999999,995.6566265060246,978.6310521201415
74.05000000000001,997.9337792642145,978.9615590610806
74.075,1000.2078877005351,979.2920660020194
74.1,1003.8903743315495,979.6225729429583
74.125,1006.1629926519709,979.9530798838972
74.15,1008.4325767690261,980.2835868248362
74.175,1004.8232154769848,980.614093765775
74.2,1022.5063375583723,980.9446007067139
74.225,1027.1894596397597,981.2751076476528
74.25,1027.872581721147,981.6056145885918
74.275,1027.2026666666661,981.9361215295307
74.3,1030.8853333333336,982.2666284704696
74.325,1025.5679999999993,982.5971354114087
74.35000000000001,1032.7488341105927,982.9276423523476
74.375,1033.0552596537946,983.2581492932865
74.4,1033.3612774451103,983.5886562342255
74.425,1036.6050531914898,983.9191631751642
74.45,1033.2952127659573,984.2496701161032
74.47500000000001,1039.9853723404249,984.5801770570423
74.5,1040.6755319148924,984.910683997981
74.52499999999999,1044.9023255813954,985.2411909389199
74.55000000000001,1052.0637450199192,985.571697879859
74.575,1055.7616201859237,985.9022048207978
74.6,1060.4594953519263,986.2327117617367
74.625,1064.6788321167878,986.5632187026755
74.65,1061.0517241379312,986.8937256436146
74.675,1059.75,987.2242325845534
74.7,1062.4482758620688,987.5547395254923
74.725,1064.7057654075543,987.8852464664312
74.75,1075.405566600397,988.2157534073702
74.775,1078.1053677932414,988.5462603483091
74.8,1069.5668874172188,988.876767289248
74.825,1062.260927152318,989.2072742301871
74.85000000000001,1054.954966887417,989.537781171126
74.875,1052.3090668431505,989.8682881120649
74.9,1059.4814814814818,990.1987950530039
74.925,1052.1785714285725,990.5293019939426
74.95,1058.3648380700597,990.8598089348816
74.97500000000001,1049.8302509907517,991.1903158758206
75.0,1047.1881188118805,991.5208228167594
75.02499999999999,1046.5085751978895,991.8513297576982
75.05,1042.2018469656996,992.1818366986372
75.075,1034.8951187335097,992.5123436395762
75.1,1037.5883905013197,992.8428505805149
75.125,1032.0039551746868,993.1733575214539
75.14999999999999,1039.169960474308,993.5038644623928
75.175,1045.864295125164,993.8343714033317
75.2,1048.1244239631342,994.1648783442707
75.225,1032.7486842105263,994.4953852852096
75.25,1028.4342105263167,994.8258922261485
75.275,1016.0072320841555,995.1563991670876
75.3,1020.239159001314,995.4869061080265
75.325,1020.5521996060415,995.8174130489654
75.35,1031.2324359816157,996.1479199899042
75.375,1029.9126723571899,996.4784269308433
75.4,1027.592908732764,996.8089338717821
75.425,1025.2731451083382,997.139440812721
75.44999999999999,1021.9533814839124,997.4699477536598
75.47500000000001,1020.6336178594884,997.8004546945989
75.5,1015.3138542350625,998.1309616355378
75.52499999999999,985.177165354331,998.4614685764765
75.55,972.7495081967209,998.7919755174156
75.575,962.3001310615982,999.1224824583546
75.6,980.9449541284412,999.4529893992933
75.625,985.5897771952823,999.7834963402323
75.64999999999999,982.2346002621234,1000.1140032811712
75.675,991.8794233289645,1000.4445102221101
75.7,999.5242463958057,1000.7750171630491
75.725,1003.1690694626486,1001.105524103988
75.75,996.8138925294897,1001.436031044927
75.775,995.1938441388356,1001.766537985866
75.8,999.4816753926698,1002.0970449268049
75.825,994.1282722513097,1002.4275518677438
75.85,1001.3662524525826,1002.7580588086826
75.875,984.003267973856,1003.0885657496216
75.9,968.6290006531672,1003.4190726905605
75.925,954.2571801566573,1003.7495796314994
75.94999999999999,951.8772845953008,1004.0800865724382
75.97500000000001,913.9373776908033,1004.4105935133773
76.0,913.3533246414609,1004.7411004543162
76.02499999999999,905.9478487614087,1005.0716073952549
76.05,905.5423728813548,1005.402114336194
76.075,898.1368970013045,1005.732621277133
76.1,893.7314211212506,1006.0631282180717
76.125,886.2605863192184,1006.3936351590107
76.14999999999999,881.850162866449,1006.7241420999496
76.175,879.4397394136813,1007.0546490408885
76.2,883.78125,1007.3851559818276
76.225,877.3736979166679,1007.7156629227665
76.25,876.790500975927,1008.0461698637054
76.275,882.3825634352634,1008.3766768046444
76.3,889.6749024707406,1008.7071837455833
76.325,886.2717815344604,1009.0376906865221
76.35,882.8686605981784,1009.368197627461
76.375,906.4655396618982,1009.6987045684
76.4,898.9772579597138,1010.0292115093389
76.425,879.6779220779226,1010.3597184502778
76.44999999999999,876.1544451654772,1010.6902253912166
76.47500000000001,875.7313432835817,1011.0207323321557
76.5,861.381322957197,1011.3512392730946
76.525,869.948767833981,1011.6817462140336
76.55,886.5162127107651,1012.0122531549723
76.575,880.0466623460798,1012.3427600959114
76.6,887.3678756476693,1012.6732670368501
76.625,891.9358808290162,1013.0037739777891
76.64999999999999,909.5038860103632,1013.334280918728
76.67500000000001,912.0718911917102,1013.6647878596672
76.7,904.6116504854381,1013.995294800606
76.725,917.174757281553,1014.3258017415449
76.75,930.7378640776697,1014.6563086824838
76.775,937.0873221216043,1014.9868156234228
76.8,944.414350355526,1015.3173225643617
76.825,950.9864253393662,1015.6478295053005
76.85,950.4224806201546,1015.9783364462394
76.875,954.7850225952225,1016.3088433871784
76.9,957.3595868302127,1016.6393503281173
76.925,953.934151065203,1016.9698572690562
76.95,958.2967741935481,1017.3003642099952
76.97500000000001,956.8741935483868,1017.6308711509341
77.0,953.3475177304972,1017.961378091873
77.025,952.9226305609282,1018.291885032812
77.05,955.3131443298971,1018.6223919737507
77.075,962.6265292981334,1018.9528989146897
77.10000000000001,968.2079845460394,1019.2834058556289
77.125,971.7894397939472,1019.6139127965675
77.14999999999999,962.3436293436298,1019.9444197375065
77.17500000000001,975.9189189189183,1020.2749266784456
77.2,981.4942084942086,1020.6054336193844
77.225,998.0694980694989,1020.9359405603233
77.25,997.5016077170421,1021.2664475012622
77.275,990.0765273311899,1021.5969544422012
77.3,985.5604113110548,1021.92746138314
77.325,1001.1323907455026,1022.2579683240789
77.35,991.6833654463717,1022.5884752650178
77.375,999.0173299101407,1022.9189822059568
77.4,997.4688903143033,1023.2494891468957
77.425,999.0384862091087,1023.5799960878346
77.45,998.4769230769216,1023.9105030287736
77.47500000000001,990.033952594491,1024.2410099697124
77.5,1011.5976937860341,1024.5715169106513
77.525,1007.1614349775791,1024.9020238515905
77.55,1014.4929577464791,1025.2325307925291
77.575,1008.0211132437616,1025.5630377334683
77.60000000000001,1011.585412667946,1025.8935446744072
77.625,1013.0,1026.224051615346
77.64999999999999,1010.4741214057522,1026.5545585562847
77.67500000000001,1028.0376996805117,1026.885065497224
77.7,1035.601277955273,1027.2155724381628
77.725,1035.1648562300325,1027.5460793791017
77.75,1031.651340996168,1027.8765863200406
77.775,1028.1423101467772,1028.2070932609795
77.8,1027.591836734693,1028.5376002019184
77.825,1027.0420650095602,1028.8681071428573
77.85,1026.4929936305725,1029.1986140837962
77.875,1019.0509554140135,1029.5291210247353
77.9,1016.6089171974527,1029.8596279656742
77.925,1038.1668789808919,1030.190134906613
77.95,1041.724840764331,1030.520641847552
77.97500000000001,1045.1164863144495,1030.851148788491
78.0,1043.5801526717569,1031.1816557294298
78.025,1046.1393129771004,1031.5121626703688
78.05,1023.9243483788941,1031.8426696113077
78.075,1036.469167196441,1032.1731765522466
78.10000000000001,1031.0139860139861,1032.5036834931857
78.125,1050.558804831533,1032.8341904341244
78.14999999999999,1057.909783989835,1033.164697375063
78.175,1057.4593392630231,1033.4952043160022
78.2,1050.008894536215,1033.825711256941
78.225,1058.558449809403,1034.15621819788
78.25,1073.108005082593,1034.4867251388189
78.27499999999999,1076.5168253968259,1034.8172320797578
78.3,1073.0101522842633,1035.1477390206967
78.325,1062.6011414077366,1035.4782459616358
78.35,1075.1439441978437,1035.8087529025745
78.375,1081.515209125475,1036.1392598435134
78.4,1084.9202026599105,1036.4697667844525
78.425,1079.4692843571884,1036.8002737253914
78.45,1083.8582278481008,1037.1307806663303
78.475,1091.1979759645783,1037.4612876072692
78.5,1101.75458570525,1037.7917945482081
78.525,1119.31119544592,1038.122301489147
78.55,1121.8678051865918,1038.452808430086
78.57499999999999,1120.3318584070803,1038.7833153710246
78.60000000000001,1115.8395451674041,1039.113822311964
78.625,1119.3922931143406,1039.4443292529027
78.64999999999999,1115.9450410612772,1039.7748361938416
78.675,1109.4977890082118,1040.1053431347805
78.7,1105.0025252525247,1040.4358500757196
78.725,1101.4996845425867,1040.7663570166583
78.75,1097.047318611987,1041.0968639575974
78.77499999999999,1100.5949526813874,1041.4273708985363
78.8,1097.0920554854983,1041.757877839475
78.825,1095.5671077504721,1042.0883847804141
78.85,1091.111531190927,1042.418891721353
78.875,1097.6559546313802,1042.749398662292
78.9,1105.0176322418138,1043.0799056032308
78.925,1112.5667506297232,1043.4104125441697
78.95,1105.1126494650725,1043.7409194851086
78.975,1103.5886792452839,1044.0714264260475
79.0,1107.132075471698,1044.4019333669867
79.025,1108.675471698114,1044.7324403079256
79.05,1112.2188679245282,1045.0629472488645
79.07499999999999,1113.7622641509442,1045.3934541898032
79.10000000000001,1115.2023884349474,1045.7239611307423
79.125,1116.7467001885598,1046.0544680716812
79.14999999999999,1111.2650753768849,1046.3849750126199
79.175,1094.921531701193,1046.715481953559
79.2,1098.3475533249693,1047.045988894498
79.225,1099.88017565872,1047.3764958354368
79.25,1102.3166144200623,1047.7070027763757
79.27499999999999,1110.8507836990593,1048.0375097173146
79.3,1114.3849529780564,1048.3680166582535
79.325,1114.8452380952367,1048.6985235991926
79.35,1127.3796992481202,1049.0290305401313
79.375,1124.8753913587989,1049.3595374810702
79.4,1131.4082654978083,1049.6900444220094
79.425,1133.9411396368196,1050.0205513629483
79.45,1132.4740137758308,1050.3510583038872
79.475,1125.0068879148403,1050.681565244826
79.5,1132.3992490613273,1051.012072185765
79.525,1136.936795994994,1051.3425791267039
79.55,1144.3245778611636,1051.6730860676428
79.57499999999999,1151.703125,1052.0035930085814
79.60000000000001,1152.25,1052.3340999495206
79.625,1153.796875,1052.6646068904595
79.65,1158.34375,1052.9951138313986
79.675,1151.890625,1053.3256207723373
79.7,1146.4375,1053.6561277132764
79.725,1138.9519050593372,1053.986634654215
79.75,1112.6416978776524,1054.3171415951542
79.77499999999999,1117.167290886393,1054.6476485360931
79.80000000000001,1114.6637554585159,1054.9781554770323
79.825,1111.1726932668316,1055.308662417971
79.85,1106.695950155763,1055.6391693589098
79.875,1104.2149532710282,1055.9696762998487
79.9,1100.7339563862915,1056.3001832407876
79.925,1105.2529595015585,1056.6306901817265
79.95,1099.7719626168218,1056.9611971226655
79.975,1096.2814445828153,1057.2917040636044
80.0,1103.6994399502182,1057.6222110045435
80.025,1101.2209085252016,1057.9527179454824
80.05,1094.7562189054734,1058.283224886421
80.075,1096.273631840797,1058.6137318273602
80.10000000000001,1118.7910447761205,1058.944238768299
80.125,1125.3084577114423,1059.274745709238
80.15,1116.8545680546922,1059.605252650177
80.175,1121.3666873834682,1059.9357595911158
80.2,1122.8434782608692,1060.2662665320547
80.22500000000001,1127.294227188082,1060.5967734729938
80.25,1128.7655086848645,1060.9272804139325
80.27499999999999,1133.2822580645152,1061.2577873548714
80.30000000000001,1135.7990074441677,1061.5882942958106
80.325,1148.315756823822,1061.9188012367492
80.35,1160.8325062034746,1062.2493081776881
80.375,1161.3124612523243,1062.579815118627
80.4,1169.8295102293869,1062.9103220595662
80.425,1167.3465592064476,1063.240829000505
80.45,1155.9008674101606,1063.571335941444
80.475,1161.3535603715172,1063.9018428823829
80.5,1164.8143564356433,1064.2323498233218
80.525,1164.30303030303,1064.5628567642607
80.55,1164.818181818182,1064.8933637051996
80.575,1157.3634116192825,1065.2238706461387
80.60000000000001,1159.8739184177994,1065.5543775870774
80.625,1158.375540457073,1065.8848845280163
80.65,1160.844444444445,1066.2153914689554
80.675,1156.3750771128925,1066.545898409894
80.7,1150.883405305367,1066.8764053508332
80.72500000000001,1158.305795314427,1067.2069122917721
80.75,1159.8187422934643,1067.537419232711
80.77499999999999,1159.3105360443624,1067.8679261736497
80.80000000000001,1162.763546798029,1068.198433114589
80.825,1156.3169230769217,1068.5289400555278
80.85,1163.7232472324722,1068.8594469964667
80.875,1159.2606023355875,1069.1899539374056
80.9,1141.9631449631452,1069.5204608783445
80.925,1134.4649877149877,1069.8509678192834
80.95,1126.9668304668303,1070.1814747602223
80.975,1119.4686732186747,1070.5119817011612
81.0,1130.9705159705154,1070.8424886421003
81.025,1127.472358722358,1071.1729955830392
81.05,1111.1325966850818,1071.5035025239779
81.075,1111.6243093922658,1071.834009464917
81.10000000000001,1128.116022099448,1072.164516405856
81.125,1119.7024539877293,1072.4950233467948
81.15,1108.3286327406495,1072.8255302877337
81.175,1100.9270833333321,1073.1560372286726
81.2,1097.4905082669939,1073.4865441696115
81.22500000000001,1089.9632578077162,1073.8170511105507
81.25,1086.4360073484386,1074.1475580514893
81.27499999999999,1090.9161566707462,1074.478064992428
81.3,1095.3908256880732,1074.8085719333671
81.325,1098.8691131498472,1075.139078874306
81.35,1100.3474006116212,1075.469585815245
81.375,1105.8256880733934,1075.8000927561839
81.39999999999999,1110.3039755351674,1076.1305996971228
81.425,1094.9676039119804,1076.4611066380617
81.45,1091.4364303178481,1076.7916135790008
81.475,1083.9052567237177,1077.1221205199395
81.5,1076.3740831295836,1077.4526274608784
81.525,1068.8429095354531,1077.7831344018175
81.55,1068.311735941319,1078.1136413427564
81.575,1061.8863775198533,1078.4441482836953
81.6,1069.3663003663005,1078.7746552246342
81.625,1061.835775335776,1079.1051621655731
81.65,1054.3052503052495,1079.435669106512
81.675,1054.8322147650997,1079.766176047451
81.69999999999999,1057.3439024390245,1080.0966829883896
81.72500000000001,1049.8152439024398,1080.427189929329
81.75,1045.37659963437,1080.7576968702676
81.77499999999999,1046.845216331505,1081.0882038112065
81.8,1034.46772228989,1081.4187107521454
81.825,1035.0024345709062,1081.7492176930846
81.85,1049.46378575776,1082.0797246340233
81.875,1047.9251369446138,1082.4102315749624
81.89999999999999,1039.5255474452551,1082.7407385159013
81.925,1036.9817518248165,1083.07124545684
81.95,1030.4379562043796,1083.401752397779
81.975,1028.9914893617024,1083.732259338718
82.0,1035.4884568651269,1084.062766279657
82.025,1033.048573163327,1084.3932732205958
82.05,1027.5063752276874,1084.7237801615347
82.075,1025.0679611650485,1085.0542871024736
82.1,1023.5242718446607,1085.3847940434125
82.125,1025.980582524273,1085.7153009843516
82.15,1034.4368932038833,1086.0458079252905
82.175,1033.9836264402657,1086.3763148662294
82.19999999999999,1033.4396604002432,1086.7068218071681
82.22500000000001,1031.0,1087.0373287481073
82.25,1034.5196850393695,1087.3678356890462
82.27499999999999,1025.1374092009682,1087.6983426299848
82.3,1027.5883777239706,1088.028849570924
82.325,1026.0393462469729,1088.3593565118629
82.35,1031.4903147699752,1088.6898634528018
82.375,1035.0157289776162,1089.0203703937407
82.39999999999999,1030.5949214026605,1089.3508773346796
82.425,1010.3051359516612,1089.6813842756185
82.45,1002.7432024169175,1090.0118912165576
82.475,999.1812688821756,1090.3423981574963
82.5,1014.6193353474318,1090.6729050984352
82.525,1011.2041062801927,1091.0034120393743
82.55,1005.6400966183573,1091.3339189803132
82.575,1011.1671695835848,1091.6644259212521
82.6,1010.7310012062735,1091.994932862191
82.625,1008.3110307414117,1092.32543980313
82.65,1005.8939759036148,1092.6559467440688
82.675,998.3301204819272,1092.9864536850077
82.69999999999999,1006.7662650602415,1093.3169606259464
82.72500000000001,1005.3413606261274,1093.6474675668856
82.75,1005.9013237063773,1093.9779745078245
82.775,1007.4515935057116,1094.3084814487636
82.8,1044.8881539386657,1094.6389883897023
82.825,1046.4375,1094.9694953306414
82.85,1048.9753753753757,1095.30000227158
82.875,1056.459183673469,1095.6305092125192
82.89999999999999,1066.902761104442,1095.961016153458
82.92500000000001,1075.3463385354135,1096.2915230943972
82.95,1071.9358128374315,1096.622030035336
82.975,1072.48860911271,1096.9525369762748
83.0,1074.9304556354928,1097.2830439172137
83.025,1071.3723021582737,1097.6135508581526
83.05,1066.8141486810546,1097.9440577990915
83.075,1069.2559952038355,1098.2745647400304
83.1,1061.6978417266182,1098.6050716809693
83.125,1060.1396882493991,1098.9355786219085
83.15,1036.8663870581186,1099.2660855628474
83.175,1039.4185628742507,1099.596592503786
83.2,1043.9509275882701,1099.9270994447252
83.22500000000001,1042.5316985645932,1100.257606385664
83.25,1039.1332934847578,1100.588113326603
83.275,1045.6373954599749,1100.9186202675419
83.3,1037.294925373135,1101.2491272084808
83.325,1036.8717183770896,1101.5796341494197
83.35000000000001,1061.2995226730309,1101.9101410903588
83.375,1068.7859272510432,1102.2406480312975
83.39999999999999,1066.21824686941,1102.5711549722364
83.42500000000001,1074.650566487775,1102.9016619131755
83.45,1077.190703218117,1103.2321688541142
83.475,1084.6712328767135,1103.562675795053
83.5,1090.1095890410961,1103.893182735992
83.525,1104.5479452054788,1104.2236896769311
83.55,1102.9863013698632,1104.55419661787
83.575,1094.6333333333332,1104.884703558809
83.6,1102.1189767995238,1105.2152104997479
83.625,1097.556811421773,1105.5457174406868
83.65,1089.9946460440206,1105.8762243816257
83.675,1086.5915576694406,1106.2067313225646
83.7,1092.096256684492,1106.5372382635037
83.72500000000001,1095.5353535353534,1106.8677452044424
83.75,1101.9744503862148,1107.1982521453813
83.775,1108.4135472370763,1107.5287590863204
83.8,1101.0451306413306,1107.859266027259
83.825,1104.4798099762465,1108.1897729681982
83.85000000000001,1100.9144893111643,1108.5202799091371
83.875,1106.4302670623147,1108.850786850076
83.89999999999999,1087.1767497034398,1109.1812937910147
83.92500000000001,1086.6032028469763,1109.511800731954
83.95,1095.0296559905091,1109.8423076728927
83.975,1099.4561091340456,1110.1728146138316
84.0,1095.8825622775803,1110.5033215547705
84.025,1093.4748073503251,1110.8338284957094
84.05,1089.899822169531,1111.1643354366483
84.075,1086.5011848341237,1111.4948423775872
84.1,1095.9241706161138,1111.8253493185262
84.125,1096.4967436352872,1112.1558562594653
84.15,1094.0934911242603,1112.4863632004042
84.175,1119.5153846153844,1112.8168701413429
84.2,1130.9372781065085,1113.147377082282
84.22500000000001,1143.3591715976327,1113.477884023221
84.25,1136.9828503843873,1113.8083909641598
84.275,1142.4009461856876,1114.1388979050987
84.3,1149.9290780141837,1114.4694048460376
84.325,1152.4867099822804,1114.7999117869765
84.35000000000001,1153.9108092144124,1115.1304187279156
84.375,1161.3349084465444,1115.4609256688543
84.39999999999999,1139.0696576151113,1115.791432609793
84.425,1145.4805194805194,1116.1219395507321
84.45,1132.1646017699113,1116.452446491671
84.475,1124.8183962264138,1116.78295343261
84.5,1132.3571007660576,1117.1134603735488
84.52499999999999,1133.9399293286206,1117.4439673144877
84.55,1135.5208946439088,1117.7744742554266
84.575,1141.9258387286645,1118.1049811963658
84.6,1131.618823529412,1118.4354881373044
84.625,1131.2239858906523,1118.7659950782433
84.65,1135.622574955909,1119.0965020191825
84.675,1137.2079905992941,1119.4270089601214
84.7,1133.8443922489732,1119.7575159010603
84.725,1112.6854460093891,1120.0880228419992
84.75,1106.070422535211,1120.418529782938
84.775,1093.8234604105564,1120.749036723877
84.8,1092.2011730205268,1121.079543664816
84.82499999999999,1104.578885630499,1121.4100506057546
84.85000000000001,1112.120750293083,1121.740557546694
84.875,1123.5029308323556,1122.0710644876326
84.89999999999999,1116.198594024605,1122.4015714285715
84.925,1115.8249414519905,1122.7320783695104
84.95,1130.2025761124132,1123.0625853104495
84.975,1124.8847279110596,1123.3930922513882
85.0,1125.2592159157393,1123.7235991923274
85.02499999999999,1120.6337039204209,1124.0541061332663
85.05,1122.242105263158,1124.384613074205
85.075,1118.6175438596492,1124.715120015144
85.1,1132.9929824561405,1125.045626956083
85.125,1130.3684210526317,1125.3761338970219
85.15,1138.743859649123,1125.7066408379608
85.175,1145.1192982456141,1126.0371477788997
85.2,1146.7305669199304,1126.3676547198386
85.225,1159.106954997078,1126.6981616607775
85.25,1152.7827102803749,1127.0286686017166
85.275,1142.5008756567422,1127.3591755426555
85.3,1105.4830805134188,1127.6896824835944
85.32499999999999,1108.8278879813315,1128.020189424533
85.35000000000001,1110.1726954492406,1128.3506963654722
85.375,1125.5175029171533,1128.6812033064111
85.39999999999999,1117.24081632653,1129.0117102473498
85.425,1115.5807580174933,1129.342217188289
85.45,1118.219114219115,1129.6727241292278
85.475,1112.924286546302,1130.0032310701667
85.5,1085.8405122235163,1130.3337380111057
85.52499999999999,1084.1629802095467,1130.6642449520446
85.55,1082.4854481955772,1130.9947518929835
85.575,1063.3315881326362,1131.3252588339226
85.6,1055.0976744186046,1131.6557657748613
85.625,1049.4040697674427,1131.9862727158002
85.65,1050.710465116279,1132.3167796567393
85.675,1037.520046484602,1132.6472865976782
85.7,1030.2891986062714,1132.977793538617
85.725,1043.583623693381,1133.308300479556
85.75,1046.2640742890308,1133.638807420495
85.775,1052.560069645966,1133.9693143614338
85.8,1064.8560650029012,1134.2998213023727
85.82499999999999,1075.1520603598383,1134.6303282433114
85.85000000000001,1069.8990719257545,1134.9608351842505
85.875,1065.1919953596298,1135.2913421251894
85.9,1064.9014492753613,1135.6218490661286
85.925,1044.7850521436849,1135.9523560070672
85.95,1049.0660486674387,1136.2828629480064
85.975,1062.3470451911944,1136.613369888945
86.0,1082.6280417149483,1136.9438768298842
86.02499999999999,1099.9090382387021,1137.274383770823
86.05000000000001,1102.190034762456,1137.6048907117622
86.075,1099.4710312862098,1137.9353976527009
86.1,1109.7520278099655,1138.2659045936398
86.125,1123.0330243337194,1138.5964115345787
86.15,1118.314020857475,1138.9269184755176
86.175,1117.595017381229,1139.2574254164565
86.2,1113.3288940358998,1139.5879323573954
86.225,1112.6074116965847,1139.9184392983343
86.25,1117.3125,1140.2489462392734
86.275,1124.59375,1140.5794531802123
86.3,1120.875,1140.909960121151
86.325,1130.15625,1141.2404670620901
86.35000000000001,1127.8802776171196,1141.570974003029
86.375,1128.5982658959547,1141.901480943968
86.4,1133.8786127167623,1142.2319878849069
86.425,1138.5846331600242,1142.5624948258458
86.45,1138.867706528019,1142.8930017667847
86.47500000000001,1141.5767898383383,1143.2235087077238
86.5,1113.3900750144257,1143.5540156486625
86.52499999999999,1121.6583958453557,1143.8845225896014
86.55000000000001,1116.9267166762838,1144.2150295305405
86.575,1113.195037507212,1144.5455364714792
86.6,1136.463358338142,1144.876043412418
86.625,1135.1972318339103,1145.206550353357
86.65,1149.4648212226075,1145.5370572942961
86.675,1163.7324106113028,1145.867564235235
86.7,1166.0,1146.198071176174
86.725,1160.2675893886972,1146.5285781171128
86.75,1159.5351787773943,1146.8590850580517
86.775,1154.2645533141203,1147.1895919989906
86.8,1162.5291066282425,1147.5200989399295
86.825,1167.267281105991,1147.8506058808687
86.85000000000001,1165.5345622119821,1148.1811128218073
86.875,1167.2682786413352,1148.5116197627462
86.9,1158.0,1148.8421267036854
86.925,1147.7429557216801,1149.172633644624
86.95,1155.477011494253,1149.5031405855632
86.97500000000001,1157.2125215393444,1149.833647526502
87.0,1155.4750143595647,1150.164154467441
87.02499999999999,1149.2233065442015,1150.4946614083797
87.05000000000001,1120.0315547905902,1150.825168349319
87.075,1121.2736660929422,1151.1556752902577
87.1,1120.515777395296,1151.4861822311966
87.125,1127.757888697648,1151.8166891721355
87.15,1135.0,1152.1471961130744
87.175,1136.2421113023502,1152.4777030540133
87.2,1128.484222604704,1152.8082099949522
87.225,1104.2282110091728,1153.1387169358911
87.25,1100.0,1153.4692238768303
87.275,1086.7817869415812,1153.7997308177692
87.3,1079.0,1154.1302377587078
87.325,1084.778477389811,1154.460744699647
87.35000000000001,1088.0,1154.7912516405859
87.375,1091.221522610189,1155.1217585815248
87.4,1108.4430452203778,1155.4522655224637
87.425,1109.664567830565,1155.7827724634026
87.45,1128.8860904407575,1156.1132794043415
87.47500000000001,1125.1076130509446,1156.4437863452806
87.5,1129.8970251716237,1156.7742932862193
87.52499999999999,1124.6638078902233,1157.104800227158
87.55,1114.4308571428573,1157.435307168097
87.575,1106.646285714285,1157.765814109036
87.6,1107.8617142857147,1158.096321049975
87.625,1130.0771428571425,1158.4268279909138
87.64999999999999,1132.868075385495,1158.7573349318527
87.675,1130.0850942318684,1159.0878418727916
87.7,1133.8767123287653,1159.4183488137307
87.725,1137.0958904109593,1159.7488557546694
87.75,1120.8397033656602,1160.0793626956083
87.775,1117.0496292070748,1160.4098696365475
87.8,1119.8460661345507,1160.7403765774864
87.825,1104.6085470085472,1161.0708835184253
87.85,1105.4066059225515,1161.4013904593642
87.875,1102.201479795107,1161.731897400303
87.9,1116.4029595902084,1162.062404341242
87.925,1118.6044393853153,1162.3929112821809
87.94999999999999,1127.8059191804223,1162.7234182231196
87.97500000000001,1130.6092150170662,1163.053925164059
88.0,1125.400227401933,1163.3844321049976
88.02499999999999,1128.6003411028996,1163.7149390459365
88.05,1132.8004548038643,1164.0454459868754
88.075,1128.5931818181816,1164.3759529278145
88.1,1122.7909090909106,1164.7064598687532
88.125,1128.603066439524,1165.0369668096923
88.14999999999999,1125.80408858603,1165.3674737506312
88.175,1133.616345062428,1165.69798069157
88.2,1121.3970504821336,1166.028487632509
88.225,1123.199546485259,1166.358994573448
88.25,1119.0,1166.6895015143868
88.275,1117.1971671388092,1167.0200084553258
88.3,1112.394334277622,1167.3505153962647
88.325,1105.5915014164311,1167.6810223372036
88.35,1101.7886685552403,1168.0115292781425
88.375,1103.9858356940513,1168.3420362190816
88.4,1117.1830028328604,1168.6725431600205
88.425,1117.9881087202702,1169.0030501009594
88.44999999999999,1111.7764572722117,1169.333557041898
88.47500000000001,1102.566742081448,1169.6640639828372
88.5,1102.7556561085967,1169.994570923776
88.52499999999999,1094.5528547201811,1170.3250778647148
88.55,1087.73713962691,1170.655584805654
88.575,1084.5474576271172,1170.9860917465928
88.6,1077.7299435028272,1171.3165986875317
88.625,1083.9124293785317,1171.6471056284706
88.64999999999999,1088.7408243929985,1171.9776125694095
88.675,1084.5485327313781,1172.3081195103484
88.7,1082.731376975169,1172.6386264512876
88.725,1076.9142212189618,1172.9691333922262
88.75,1076.0970654627527,1173.2996403331651
88.775,1085.2799097065454,1173.6301472741043
88.8,1087.1032148900176,1173.9606542150432
88.825,1088.9244644870341,1174.291161155982
88.85,1098.109357384441,1174.621668096921
88.875,1084.8873239436616,1174.95217503786
88.9,1077.6936936936927,1175.2826819787988
88.925,1074.514912774337,1175.6131889197377
88.94999999999999,1082.6865503657864,1175.9436958606764
88.97500000000001,1073.4994375703027,1176.2742028016155
89.0,1071.6659167604066,1176.6047097425544
89.025,1074.5042158516026,1176.9352166834935
89.05,1080.3426966292136,1177.2657236244322
89.075,1082.5140449438222,1177.5962305653713
89.1,1066.3245367770924,1177.92673750631
89.125,1065.1616161616166,1178.2572444472491
89.14999999999999,1069.0,1178.587751388188
89.17500000000001,1064.1637689287709,1178.9182583291272
89.2,1068.3275378575436,1179.2487652700659
89.225,1064.1614349775791,1179.5792722110048
89.25,1066.3228699551564,1179.9097791519437
89.275,1077.4843049327355,1180.2402860928826
89.3,1091.6457399103147,1180.5707930338215
89.325,1091.807174887892,1180.9012999747604
89.35,1085.631932773109,1181.2318069156993
89.375,1086.7899159663866,1181.5623138566384
89.4,1053.557670772676,1181.8928207975773
89.425,1052.697088465844,1182.223327738516
89.45,1052.5573587017352,1182.5538346794551
89.47500000000001,1058.696698377169,1182.884341620394
89.5,1061.5637583892621,1183.214848561333
89.525,1062.4242593627732,1183.5453555022718
89.55,1070.5656791503643,1183.8758624432107
89.575,1071.7070989379554,1184.2063693841496
89.60000000000001,1059.5385474860323,1184.5368763250888
89.625,1041.3735343383578,1184.8673832660274
89.64999999999999,1050.4980457844777,1185.1978902069663
89.67500000000001,1054.6225572305957,1185.5283971479055
89.7,1029.4419642857156,1185.8589040888442
89.725,1022.3195761293919,1186.189411029783
89.75,1011.2006688963193,1186.519917970722
89.775,1004.0963788300851,1186.850424911661
89.8,1002.1927576601665,1187.1809318526
89.825,998.2891364902516,1187.511438793539
89.85,999.1937639198222,1187.8419457344778
89.875,997.2906458797333,1188.1724526754167
89.9,988.1836393989997,1188.5029596163556
89.925,981.0878754171299,1188.8334665572945
89.95,977.1757508342616,1189.1639734982336
89.97500000000001,976.2636262513915,1189.4944804391723
90.0,980.3515016685196,1189.8249873801112
90.025,987.2751528627014,1190.1554943210504
90.05,989.3668704836018,1190.486001261989
90.075,988.4585881045023,1190.8165082029282
90.10000000000001,989.3688888888901,1191.147015143867
90.125,992.2815102720706,1191.477522084806
90.14999999999999,1000.3753470294287,1191.8080290257446
90.17500000000001,1004.2880133185354,1192.138535966684
90.2,1002.1896838602333,1192.4690429076227
90.225,993.0898004434603,1192.7995498485616
90.25,1000.0,1193.1300567895005
90.275,997.0936288088633,1193.4605637304394
90.3,992.0,1193.7910706713783
90.325,1008.0908084163893,1194.1215776123172
90.35,1013.0,1194.452084553256
90.375,1027.0935251798564,1194.7825914941952
90.4,1028.1870503597129,1195.1130984351341
90.425,1033.2805755395675,1195.4436053760728
90.45,1033.186946902655,1195.774112317012
90.47500000000001,1034.093974571584,1196.1046192579508
90.5,1042.0,1196.4351261988897
90.525,1031.9072335726123,1196.7656331398287
90.55,1034.0,1197.0961400807676
90.575,1036.0927664273877,1197.4266470217065
90.60000000000001,1034.1855328547754,1197.7571539626456
90.625,1035.2782992821667,1198.0876609035843
90.64999999999999,1030.1799116997809,1198.418167844523
90.675,1037.2698675496704,1198.748674785462
90.7,1034.1765030336446,1199.079181726401
90.725,1035.088754134511,1199.4096886673399
90.75,1040.1775082690183,1199.7401956082788
90.77499999999999,1038.0876033057848,1200.0707025492177
90.8,1033.1752066115714,1200.4012094901566
90.825,1039.2628099173562,1200.7317164310957
90.85,1035.1707048458156,1201.0622233720344
90.875,1028.0814529444142,1201.3927303129733
90.9,1004.0,1201.7232372539124
90.925,1005.9307311709745,1202.0537441948513
90.95,1009.8571428571431,1202.3842511357902
90.975,1013.9285714285706,1202.7147580767291
91.0,1009.0,1203.045265017668
91.025,1001.9324546952212,1203.375771958607
91.05,1010.0,1203.7062788995459
91.07499999999999,1004.9352360043922,1204.0367858404845
91.10000000000001,1003.871640153593,1204.3672927814239
91.125,1001.9358200767965,1204.6977997223626
91.14999999999999,995.8782894736851,1205.0283066633015
91.175,990.9391447368416,1205.3588136042404
91.2,992.8761643835624,1205.6893205451795
91.225,990.8176341730559,1206.0198274861182
91.25,985.8784227820379,1206.3503344270573
91.27499999999999,977.939211391018,1206.6808413679962
91.3,972.8839627805137,1207.0113483089349
91.325,952.8588621444196,1207.341855249874
91.35,953.9059080962797,1207.672362190813
91.375,943.8753417167864,1208.0028691317518
91.4,949.9168944778576,1208.3333760726907
91.425,959.9584472389288,1208.6638830136296
91.45,959.0,1208.9943899545685
91.475,961.9568306010915,1209.3248968955074
91.5,963.0,1209.6554038364466
91.525,967.9541234298194,1209.9859107773855
91.55,969.9061135371176,1210.3164177183244
91.57499999999999,967.862520458264,1210.646924659263
91.60000000000001,970.8102508178836,1210.9774316002022
91.625,980.8576881134122,1211.307938541141
91.64999999999999,981.9051254089427,1211.6384454820798
91.675,989.844686648501,1211.968952423019
91.7,997.896457765668,1212.2994593639578
91.725,1001.9482288828331,1212.6299663048967
91.75,954.9477124182995,1212.9604732458356
91.77499999999999,962.9085465432763,1213.2909801867745
91.8,970.8607181719253,1213.6214871277134
91.825,969.8287112561175,1213.9519940686525
91.85,967.8010869565223,1214.2825010095912
91.875,970.7566539923955,1214.6130079505301
91.9,957.7785016286653,1214.9435148914692
91.925,960.8061889250821,1215.2740218324082
91.95,956.7959848073806,1215.604528773347
91.975,962.8214867064562,1215.935035714286
92.0,977.8469886055354,1216.2655426552249
92.025,969.8519522776587,1216.5960495961638
92.05,964.8525745257448,1216.9265565371027
92.07499999999999,968.871002710026,1217.2570634780413
92.10000000000001,975.889430894309,1217.5875704189805
92.125,994.9078590785903,1217.9180773599194
92.15,999.8732394366198,1218.2485843008585
92.175,1000.8484028153762,1218.5790912417972
92.2,991.8658008658003,1218.9095981827363
92.225,990.882575757576,1219.240105123675
92.25,982.8993506493516,1219.5706120646141
92.27499999999999,987.9161255411254,1219.901119005553
92.30000000000001,983.9329004329011,1220.2316259464922
92.325,981.9496753246749,1220.5621328874308
92.35,985.9242833964308,1220.8926398283697
92.375,994.9432125473213,1221.2231467693086
92.4,994.9621416982154,1221.5536537102475
92.425,996.9810708491077,1221.8841606511864
92.45,987.9718918918916,1222.2146675921254
92.475,989.9859459459458,1222.5451745330643
92.5,985.9762290653707,1222.8756814740034
92.525,977.9881145326854,1223.2061884149423
92.55,987.0,1223.536695355881
92.575,989.9865010799149,1223.86720229682
92.60000000000001,986.0,1224.197709237759
92.625,1003.0134989200869,1224.528216178698
92.65,1002.026997840172,1224.8587231196368
92.675,995.0097139773334,1225.1892300605757
92.7,991.0194279546668,1225.5197370015146
92.72500000000001,984.0059331175853,1225.8502439424537
92.75,982.0,1226.1807508833924
92.77499999999999,982.0048517520208,1226.5112578243313
92.80000000000001,990.0097035040417,1226.8417647652705
92.825,994.0145552560625,1227.1722717062091
92.85,998.0140086206902,1227.502778647148
92.875,994.0048465266536,1227.833285588087
92.9,1003.0096930533127,1228.163792529026
92.925,1005.0145395799664,1228.494299469965
92.95,988.9924650161465,1228.8248064109039
92.975,990.9886975242207,1229.1553133518428
93.0,991.984930032293,1229.4858202927817
93.025,995.9811625403672,1229.8163272337206
93.05,998.9773950484396,1230.1468341746595
93.075,995.9731038192567,1230.4773411155986
93.10000000000001,998.9677245831099,1230.8078480565373
93.125,999.962345346963,1231.1383549974762
93.15,991.9569661108108,1231.4688619384153
93.175,976.9059139784968,1231.799368879354
93.2,987.8924731182778,1232.1298758202931
93.22500000000001,997.8790322580644,1232.460382761232
93.25,986.8452444922077,1232.790889702171
93.27499999999999,993.8909774436106,1233.1213966431096
93.30000000000001,1000.9291465378428,1233.451903584049
93.325,987.9061158798268,1233.7824105249877
93.35,982.9142091152826,1234.1129174659266
93.375,977.8927613941014,1234.4434244068655
93.4,982.9249732047174,1234.7739313478044
93.425,1003.9062165058967,1235.1044382887433
93.45,1015.8874598070743,1235.4349452296822
93.475,991.8419925013386,1235.765452170621
93.5,996.8843683083505,1236.0959591115602
93.525,999.9181380417322,1236.426466052499
93.55,1007.8908507223132,1236.7569729934378
93.575,1011.92459893048,1237.087479934377
93.60000000000001,1014.9529663281664,1237.4179868753158
93.625,1014.9764957264961,1237.7484938162547
93.65,1012.0,1238.0790007571936
93.675,1008.0272145144081,1238.4095076981325
93.7,987.0768000000007,1238.7400146390714
93.72500000000001,989.1119402985078,1239.0705215800106
93.75,995.0746268656712,1239.4010285209492
93.77499999999999,999.0373134328365,1239.731535461888
93.8,997.0,1240.062042402827
93.825,994.9626865671635,1240.392549343766
93.85,985.0,1240.7230562847049
93.875,1006.9573787959525,1241.0535632256438
93.89999999999999,998.9147575919014,1241.3840701665827
93.925,990.9531416400441,1241.7145771075216
93.95,1003.9062832800846,1242.0450840484607
93.975,1000.9515699840358,1242.3755909893994
94.0,1003.903139968068,1242.7060979303383
94.025,1007.8547099521038,1243.0366048712774
94.05,998.8936170212764,1243.3671118122163
94.075,998.8404255319165,1243.6976187531552
94.1,994.7872340425529,1244.0281256940941
94.125,998.7340425531929,1244.358632635033
94.15,1003.6808510638293,1244.689139575972
94.175,999.6276595744675,1245.0196465169108
94.19999999999999,1007.5744680851076,1245.3501534578495
94.22500000000001,1015.657628920786,1245.6806603987889
94.25,1019.7194473963864,1246.0111673397275
94.27499999999999,1015.7557089750389,1246.3416742806664
94.3,1014.706850770046,1246.6721812216053
94.325,1019.6579925650567,1247.0026881625445
94.35,1020.6091343600638,1247.3331951034831
94.375,1023.5602761550708,1247.6637020444223
94.39999999999999,1009.5498938428882,1247.9942089853612
94.425,1004.4936305732499,1248.3247159262999
94.45,1004.5501326259928,1248.655222867239
94.475,1008.4938992042444,1248.985729808178
94.5,1016.5843054082707,1249.3162367491168
94.525,1022.6587175410714,1249.6467436900557
94.55,1021.60996290408,1249.9772506309946
94.575,1011.6218220338997,1250.3077575719335
94.6,1008.5677966101703,1250.6382645128724
94.625,1028.5137711864409,1250.9687714538115
94.65,1029.4597457627115,1251.2992783947504
94.675,1046.405720338982,1251.6297853356893
94.69999999999999,1041.4335627316032,1251.960292276628
94.72500000000001,1060.3769190047642,1252.2907992175672
94.75,1064.3202752779252,1252.621306158506
94.77499999999999,1066.2636315510863,1252.9518130994447
94.8,1055.2507936507936,1253.2823200403839
94.825,1063.360126916974,1253.6128269813228
94.85,1055.301956636702,1253.9433339222617
94.875,1065.2437863564264,1254.2738408632006
94.89999999999999,1065.185616076149,1254.6043478041395
94.925,1066.2510570824543,1254.9348547450784
94.95,1071.193446088795,1255.2653616860175
94.975,1069.1358350951377,1255.5958686269562
95.0,1062.1421024828323,1255.926375567895
95.025,1063.21066525871,1256.2568825088342
95.05,1062.2654353561993,1256.5873894497731
95.075,1067.3560126582288,1256.917896390712
95.1,1061.3832366895113,1257.248403331651
95.125,1068.3215603584613,1257.5789102725898
95.15,1052.2992623814553,1257.9094172135287
95.175,1047.229188619598,1258.2399241544676
95.19999999999999,1047.1591148577463,1258.5704310954063
95.22500000000001,1055.0890410958891,1258.9009380363455
95.25,1047.1090047393373,1259.2314449772844
95.275,1022.0389473684208,1259.5619519182235
95.3,1045.951578947368,1259.8924588591622
95.325,1044.8642105263152,1260.2229658001013
95.35,1049.7768421052642,1260.55347274104
95.375,1044.8306154655456,1260.883979681979
95.39999999999999,1043.9148264984233,1261.214486622918
95.42500000000001,1044.8243953732926,1261.5449935638571
95.45,1071.7339642481602,1261.8755005047958
95.475,1064.7771939043614,1262.2060074457347
95.5,1057.8277310924368,1262.5365143866736
95.525,1061.7300420168067,1262.8670213276125
95.55,1068.6323529411766,1263.1975282685514
95.575,1064.7034120734916,1263.5280352094903
95.6,1078.6036745406836,1263.8585421504292
95.625,1086.758656873033,1264.1890490913684
95.65,1093.663168940191,1264.5195560323073
95.675,1090.5676810073455,1264.850062973246
95.7,1104.4721930745036,1265.180569914185
95.72500000000001,1103.5605663345577,1265.511076855124
95.75,1082.5031446540888,1265.8415837960629
95.775,1074.396226415096,1266.1720907370018
95.8,1076.5185961236257,1266.5025976779407
95.825,1075.4127815610263,1266.8331046188796
95.85000000000001,1072.306966998427,1267.1636115598187
95.875,1079.2011524358295,1267.4941185007574
95.89999999999999,1063.1738219895287,1267.8246254416963
95.92500000000001,1069.0596858638764,1268.1551323826354
95.95,1064.1329147043452,1268.485639323574
95.975,1075.016221873364,1268.816146264513
96.0,1094.8995290423845,1269.146653205452
96.025,1086.9461297071139,1269.477160146391
96.05,1064.8839519079975,1269.80766708733
96.075,1073.0799373040754,1270.1381740282688
96.1,1075.9519331243482,1270.4686809692078
96.125,1074.8239289446192,1270.7991879101467
96.15,1075.9613577023501,1271.1296948510856
96.175,1063.995824634656,1271.4602017920245
96.2,1061.8622129436335,1271.7907087329636
96.22500000000001,1067.728601252611,1272.1212156739023
96.25,1068.5949895615886,1272.4517226148412
96.275,1063.6854460093891,1272.7822295557803
96.3,1062.54929577465,1273.112736496719
96.325,1063.4131455399056,1273.443243437658
96.35000000000001,1060.2769953051647,1273.773750378597
96.375,1078.140845070424,1274.104257319536
96.39999999999999,1091.0046948356794,1274.4347642604746
96.42500000000001,1089.1204379562041,1274.765271201414
96.45,1081.1756122980696,1275.0957781423526
96.475,1090.0343929129758,1275.4262850832915
96.5,1096.8931735278784,1275.7567920242304
96.525,1103.7519541427828,1276.0872989651693
96.55,1102.8833333333332,1276.4178059061082
96.575,1109.7416666666668,1276.7483128470471
96.6,1116.6000000000004,1277.078819787986
96.625,1108.458333333334,1277.4093267289252
96.65,1094.4268610098898,1277.739833669864
96.675,1099.2779802186378,1278.0703406108028
96.7,1082.2164412070742,1278.400847551742
96.72500000000001,1077.3161726469061,1278.7313544926808
96.75,1080.1560062402514,1279.0618614336197
96.775,1115.9958398335948,1279.3923683745586
96.8,1116.1580041580055,1279.7228753154975
96.825,1121.9979209979192,1280.0533822564364
96.85000000000001,1125.8378378378366,1280.3838891973755
96.875,1129.038961038963,1280.7143961383142
96.89999999999999,1156.880519480521,1281.044903079253
96.925,1154.0020768431987,1281.375410020192
96.95,1158.2138038401663,1281.705916961131
96.975,1152.056045666839,1282.0364239020698
97.0,1145.8982874935136,1282.3669308430087
97.02499999999999,1143.0191908713696,1282.6974377839476
97.05,1162.8599585062257,1283.0279447248865
97.075,1162.008294453084,1283.3584516658257
97.1,1191.8486262312072,1283.6889586067643
97.125,1226.688958009332,1284.0194655477032
97.15,1222.7968911917105,1284.3499724886424
97.175,1219.9218021750366,1284.6804794295813
97.2,1219.074534161491,1285.0109863705202
97.225,1215.910973084885,1285.341493311459
97.25,1220.7474120082825,1285.672000252398
97.275,1225.9777547853082,1286.002507193337
97.3,1227.8168649767194,1286.3330141342758
97.32499999999999,1218.8634953464316,1286.6635210752145
97.35000000000001,1238.6980351602888,1286.9940280161538
97.375,1248.532574974146,1287.3245349570925
97.39999999999999,1248.3671147880032,1287.6550418980314
97.425,1247.2016546018604,1287.9855488389703
97.45,1252.0361944157175,1288.3160557799094
97.475,1252.8707342295766,1288.6465627208481
97.5,1245.9302325581393,1288.9770696617873
97.52499999999999,1249.7612403100757,1289.3075766027262
97.55,1247.5922480620175,1289.6380835436648
97.575,1250.4232558139538,1289.968590484604
97.6,1247.5454545454559,1290.2990974255429
97.625,1242.6386164171417,1290.6296043664818
97.65,1249.4656685596292,1290.9601113074207
97.675,1245.2927207021185,1291.2906182483596
97.7,1257.119772844606,1291.6211251892985
97.725,1265.431888544892,1291.9516321302374
97.75,1257.2631578947367,1292.2821390711765
97.775,1266.0944272445831,1292.6126460121154
97.8,1259.9256965944278,1292.9431529530543
97.82499999999999,1268.2418772563178,1293.273659893993
97.85000000000001,1268.0773594636394,1293.6041668349321
97.875,1267.9128416709664,1293.934673775871
97.89999999999999,1264.006185567012,1294.2651807168097
97.925,1260.103554868625,1294.5956876577488
97.95,1263.3274974253345,1294.9261945986877
97.975,1264.1606591143136,1295.2567015396266
98.0,1260.2604220277917,1295.5872084805656
98.02499999999999,1258.0916109109603,1295.9177154215045
98.05,1238.9310699588477,1296.2482223624434
98.075,1240.7525720164595,1296.5787293033825
98.1,1233.8118251928008,1296.9092362443212
98.125,1221.7934224049332,1297.23974318526
98.15,1223.605344295991,1297.5702501261992
98.175,1231.4172661870489,1297.900757067138
98.2,1242.2291880781104,1298.231264008077
98.225,1236.3127889060106,1298.561770949016
98.25,1234.121725731895,1298.8922778899548
98.275,1237.9306625577792,1299.2227848308937
98.3,1237.106776180699,1299.5532917718326
98.32499999999999,1257.9152977412723,1299.8837987127713
98.35000000000001,1248.9440738840422,1300.2143056537104
98.375,1246.748075936377,1300.5448125946493
98.4,1256.5520779887102,1300.8753195355885
98.425,1249.356080041045,1301.2058264765271
98.45,1269.1600820933836,1301.5363334174663
98.475,1280.9640841457167,1301.866840358405
98.5,1285.7680861980516,1302.197347299344
98.52499999999999,1313.5720882503847,1302.527854240283
98.55000000000001,1309.6861538461544,1302.858361181222
98.575,1292.5310097385955,1303.1888681221608
98.6,1296.3244490005127,1303.5193750630997
98.625,1293.4723360655753,1303.8498820040386
98.65,1282.459293394777,1304.1803889449775
98.675,1290.8367451381764,1304.5108958859164
98.7,1292.6274309109504,1304.8414028268553
98.725,1308.418116683726,1305.1719097677942
98.75,1297.4066496163687,1305.5024167087333
98.775,1287.4263803680988,1305.8329236496722
98.8,1322.2065439672806,1306.163430590611
98.825,1322.9867075664624,1306.49393753155
98.85000000000001,1333.7668711656443,1306.824444472489
98.875,1326.8446601941723,1307.1549514134279
98.9,1337.6213592232998,1307.4854583543668
98.925,1318.4514811031659,1307.8159652953057
98.95,1322.2185903983664,1308.1464722362446
98.97500000000001,1326.540071465035,1308.4769791771837
99.0,1316.5714285714275,1308.8074861181224
99.02499999999999,1310.692503824579,1309.1379930590613
99.05000000000001,1302.4538500764902,1309.4685000000004
99.075,1304.215196328405,1309.799006940939
99.1,1307.5198776758407,1310.129513881878
99.125,1307.2828746177365,1310.460020822817
99.15,1319.0458715596324,1310.790527763756
99.175,1315.2042791645435,1311.121034704695
99.2,1293.0,1311.4515416456338
99.225,1296.75,1311.7820485865727
99.25,1292.5,1312.1125555275116
99.275,1293.7760814249377,1312.4430624684505
99.3,1285.8677517802644,1312.7735694093894
99.325,1286.6144455747708,1313.1040763503286
99.35000000000001,1286.3611393692772,1313.4345832912672
99.375,1290.1078331637873,1313.7650902322061
99.4,1290.85452695829,1314.0955971731453
99.425,1291.1133706151486,1314.426104114084
99.45,1282.8601931875928,1314.756611055023
99.47500000000001,1285.1626016260198,1315.087117995962
99.5,1274.1853732859308,1315.417624936901
99.52499999999999,1260.156852791879,1315.7481318778396
99.55000000000001,1279.892385786803,1316.078638818779
99.575,1275.0583460172493,1316.4091457597176
99.6,1256.9655172413804,1316.7396527006565
99.625,1256.2270653826672,1317.0701596415954
99.65,1259.9508362899105,1317.4006665825343
99.675,1246.9756838905741,1317.7311735234732
99.7,1270.6930091185422,1318.0616804644121
99.725,1273.0207594936728,1318.392187405351
99.75,1273.7392405063256,1318.7226943462902
99.775,1270.9671052631602,1319.053201287229
99.8,1275.332321699545,1319.3837082281677
99.825,1264.4125379170873,1319.7142151691069
99.85000000000001,1272.8494188984332,1320.0447221100458
99.875,1264.994949494947,1320.3752290509847
99.9,1275.7090909090912,1320.7057359919236
99.925,1269.8939929328626,1321.0362429328625
99.95,1272.605249873799,1321.3667498738014
99.97500000000001,1285.3165068147391,1321.6972568147405
100.0,1322.0277637556792,1322.0277637556792
